date,export_orders_total_usd_mn,export_orders_electronics_usd_mn,export_orders_ict_usd_mn,export_orders_total_yoy_pct,export_orders_total_mom_3m_pct,export_orders_total_mom_6m_pct,export_orders_electronics_yoy_pct,export_orders_electronics_mom_3m_pct,export_orders_electronics_mom_6m_pct,export_orders_ict_yoy_pct,export_orders_ict_mom_3m_pct,export_orders_ict_mom_6m_pct,mfg_chemical_index,mfg_consumer_index,mfg_info_electronics_index,mfg_metal_machinery_index,mfg_chemical_yoy_pct,mfg_chemical_mom_3m_pct,mfg_chemical_mom_6m_pct,mfg_consumer_yoy_pct,mfg_consumer_mom_3m_pct,mfg_consumer_mom_6m_pct,mfg_info_electronics_yoy_pct,mfg_info_electronics_mom_3m_pct,mfg_info_electronics_mom_6m_pct,mfg_metal_machinery_yoy_pct,mfg_metal_machinery_mom_3m_pct,mfg_metal_machinery_mom_6m_pct,exports_ntd_thousand,imports_ntd_thousand,trade_balance_ntd_thousand,exports_yoy_pct,exports_mom_3m_pct,exports_mom_6m_pct,imports_yoy_pct,imports_mom_3m_pct,imports_mom_6m_pct,taiex_close,taiex_return_1m_pct,taiex_return_3m_pct,taiex_return_6m_pct,taiex_return_12m_pct,taiex_ma_3m,taiex_ma_6m,taiex_ma_12m,taiex_vs_ma_3m_pct,taiex_vs_ma_6m_pct,taiex_vs_ma_12m_pct,taiex_drawdown_from_peak_pct
1982-01-01,,,,,,,,,,,,,19.89,76.97,1.34,16.18,,,,,,,,,,,,,,,,,,,,,,,,,,,,,,,,,
1982-02-01,,,,,,,,,,,,,20.97,80.28,1.57,17.36,,,,,,,,,,,,,,,,,,,,,,,,,,,,,,,,,
1982-03-01,,,,,,,,,,,,,22.98,93.0,1.76,19.06,,,,,,,,,,,,,,,,,,,,,,,,,,,,,,,,,
1982-04-01,,,,,,,,,,,,,21.92,88.07,1.81,18.71,,10.206133735545508,,,14.421203066129662,,,35.07462686567165,,,15.636588380716931,,,,,,,,,,,,,,,,,,,,,,
1982-05-01,,,,,,,,,,,,,23.16,86.18,1.8,19.3,,10.443490701001434,,,7.349277528649734,,,14.649681528662416,,,11.175115207373288,,,,,,,,,,,,,,,,,,,,,,
1982-06-01,,,,,,,,,,,,,22.33,84.36,1.78,17.78,,-2.8285465622280292,,,-9.29032258064516,,,1.1363636363636465,,,-6.715634837355711,,,,,,,,,,,,,,,,,,,,,,
1982-07-01,,,,,,,,,,,,,22.85,84.96,1.88,18.68,,4.242700729927007,14.881850175967838,,-3.5312819348245705,10.38066779264648,,3.8674033149171283,40.29850746268655,,-0.16034206306788645,15.451174289245984,,,,,,,,,,,,,,,,,,,,,
1982-08-01,,,,,,,,,,,,,21.16,82.62,1.84,18.27,,-8.635578583765113,0.9060562708631537,,-4.130888837317248,2.914798206278024,,2.2222222222222143,17.19745222929936,,-5.336787564766842,5.241935483870974,,,,,,,,,,,,,,,,,,,,,
1982-09-01,,,,,,,,,,,,,22.73,85.09,1.81,18.33,,1.7913121361397222,-1.0879025239338591,,0.8653390232337577,-8.505376344086013,,1.6853932584269593,2.840909090909083,,3.093363329583787,-3.8300104931794365,,,,,,,,,,,,,,,,,,,,,
1982-10-01,,,,,,,,,,,,,23.49,81.76,1.62,17.9,,2.8008752735229736,7.1624087591240615,,-3.766478342749513,-7.164755308277493,,-13.829787234042545,-10.497237569060768,,-4.175588865096369,-4.329235702832723,,,,,,,,,,,,,,,,,,,,,
1982-11-01,,,,,,,,,,,,,22.59,80.15,1.62,18.2,,6.758034026465021,-2.4611398963730546,,-2.989590898087624,-6.996983058714323,,-11.956521739130432,-9.999999999999998,,-0.3831417624521105,-5.699481865284984,,,,,,,,,,,,,,,,,,,,,
1982-12-01,,,,,,,,,,,,,25.42,94.4,1.88,20.27,,11.83457985041796,13.837886251679365,,10.94135621107064,11.901375059269803,,3.8674033149171283,5.617977528089879,,10.583742498636116,14.004499437570296,,,,,,,,,,,,,,,,,,,,,
1983-01-01,,,,,,,,,,,,,24.89,91.29,1.77,19.05,25.13826043237808,5.95998297147724,8.927789934354479,18.60465116279071,11.656066536203525,7.450564971751428,32.089552238805965,9.259259259259256,-5.851063829787229,17.737948084054402,6.424581005586605,1.9807280513918668,,,,,,,,,,,,,,,,,,,,,
1983-02-01,,,,,,,,,,,,,20.42,69.66,1.52,15.85,-2.6227944682880144,-9.606020362992462,-3.497164461247626,-13.228699551569512,-13.08796007485965,-15.686274509803933,-3.1847133757961776,-6.172839506172845,-17.391304347826086,-8.698156682027648,-12.91208791208791,-13.245758073344282,,,,,,,,,,,,,,,,,,,,,
1983-03-01,,,,,,,,,,,,,25.88,91.24,2.03,19.8,12.619669277632717,1.8095987411486991,13.85833699956005,-1.8924731182795806,-3.347457627118655,7.227641320954281,15.340909090909083,7.978723404255317,12.154696132596676,3.88247639034629,-2.3186975826344325,8.019639934533561,,,,,,,,,,,,,,,,,,,,,
1983-04-01,,,,,,,,,,,,,23.21,94.3,2.12,20.98,5.885036496350371,-6.749698674166327,-1.1919965942954303,7.073918473941188,3.2971847957059763,15.337573385518578,17.12707182320443,19.774011299435035,30.864197530864203,12.132549438802776,10.131233595800527,17.20670391061454,,,,,,,,,,,,,,,,,,,,,
1983-05-01,,,,,,,,,,,,,25.96,93.06,2.2,21.31,12.089810017271162,27.130264446620945,14.918105356352363,7.983290786725461,33.59173126614987,16.10729881472239,22.222222222222232,44.736842105263165,35.802469135802475,10.414507772020709,34.44794952681387,17.087912087912095,,,,,,,,,,,,,,,,,,,,,
1983-06-01,,,,,,,,,,,,,26.46,93.41,2.37,20.97,18.49529780564265,2.2411128284389514,4.091266719118791,10.727833096254136,2.378342832091196,-1.0487288135593298,33.14606741573034,16.748768472906427,26.06382978723405,17.941507311586037,5.909090909090908,3.453379378391719,,,,,,,,,,,,,,,,,,,,,
1983-07-01,,,,,,,,,,,,,26.93,94.61,2.5,21.62,17.855579868708958,16.027574321413173,8.196062675773398,11.358286252354066,0.32873806998938715,3.636761967356761,32.97872340425532,17.924528301886777,41.24293785310735,15.738758029978595,3.0505243088655876,13.490813648293965,,,,,,,,,,,,,,,,,,,,,
1983-08-01,,,,,,,,,,,,,26.29,95.91,2.63,22.16,24.243856332703206,1.2711864406779627,28.746327130264437,16.08569353667393,3.0625402965828386,37.68303186907838,42.934782608695635,19.545454545454533,73.02631578947367,21.29173508483855,3.988737681839516,39.81072555205047,,,,,,,,,,,,,,,,,,,,,
1983-09-01,,,,,,,,,,,,,26.04,92.3,2.48,22.32,14.56225252969643,-1.5873015873015928,0.6182380216383399,8.47338112586673,-1.188309602826254,1.161771153003066,37.01657458563537,4.641350210970452,22.16748768472907,21.76759410801965,6.4377682403433445,12.72727272727272,,,,,,,,,,,,,,,,,,,,,
1983-10-01,,,,,,,,,,,,,26.72,89.41,2.36,22.98,13.750532141336747,-0.7797994801336805,15.122791900043087,9.35665362035223,-5.496247753937222,-5.185577942735953,45.67901234567899,-5.600000000000005,11.32075471698113,28.379888268156428,6.290471785383911,9.532888465204948,,,,,,,,,,,,,,,,,,,,,
1983-11-01,,,,,,,,,,,,,28.06,88.85,2.44,22.51,24.21425409473217,6.732597945987062,8.089368258859775,10.854647535870221,-7.361067667605048,-4.5239630346013415,50.617283950617264,-7.224334600760452,10.90909090909089,23.681318681318686,1.5794223826714804,5.63115908024403,,,,,,,,,,,,,,,,,,,,,
1983-12-01,,,,,,,,,,,,,28.66,99.12,2.54,23.7,12.745869394177811,10.061443932411684,8.314436885865462,5.000000000000004,7.388949079089935,6.112835884808909,35.10638297872342,2.4193548387096753,7.1729957805907185,16.921558954119398,6.182795698924726,13.01859799713878,,,,,,,,,,,,,,,,,,,,,
1984-01-01,2627.0,300.0,92.0,,,,,,,,,,29.39,110.62,2.55,22.83,18.079550020088387,9.992514970059885,9.134793910137407,21.17427976777302,23.72217872721174,16.922101257795163,44.06779661016949,8.05084745762712,2.0000000000000018,19.842519685039363,-0.6527415143603221,5.5966697502312535,,,,,,,,,,,,,,,,,,,,,
1984-02-01,2321.0,265.0,81.0,,,,,,,,,,24.66,79.75,2.18,18.33,20.763956904995084,-12.116892373485388,-6.2000760745530625,14.484639678438139,-10.241980866629142,-16.84912939213846,43.42105263157896,-10.655737704918023,-17.110266159695808,15.646687697160866,-18.56952465570859,-17.283393501805065,,,,,,,,,,,,,,,,,,,,,
1984-03-01,2821.0,322.0,99.0,,,,,,,,,,29.25,104.81,2.9,23.09,13.021638330757357,2.0586182833217004,12.32718894009217,14.872862779482698,5.740516545601282,13.553629469122441,42.85714285714286,14.173228346456689,16.93548387096775,16.61616161616162,-2.5738396624472526,3.4498207885304666,,,,,,,,,,,,,,,,,,,,,
1984-04-01,2797.0,319.0,98.0,,6.4712599923867575,,,6.333333333333324,,,6.521739130434789,,28.39,98.86,2.86,22.8,22.317966393795775,-3.402517863218779,6.25,4.8356309650053,-10.630988971252942,10.56928755172799,34.90566037735847,12.15686274509804,21.18644067796611,8.67492850333651,-0.13140604467803962,-0.7832898172323799,,,,,,,,,,,,,,,,,,,,,
1984-05-01,2879.0,328.0,101.0,,24.041361482119772,,,23.77358490566037,,,24.691358024691358,,31.98,102.61,3.15,23.6,23.189522342064706,29.68369829683699,13.970064148253748,10.262196432409198,28.664576802507845,15.486775464265623,43.181818181818166,44.495412844036686,29.0983606557377,10.746128578132353,28.75068194217132,4.842292314526886,,,,,,,,,,,,,,,,,,,,,
1984-06-01,2759.0,314.0,97.0,,-2.197802197802201,,,-2.4844720496894457,,,-2.020202020202022,,30.15,96.97,3.12,23.58,13.9455782312925,3.076923076923066,5.198883461270065,3.8111551225778806,-7.480202270775694,-2.169087974172723,31.645569620253156,7.586206896551739,22.83464566929134,12.44635193133048,2.1221307925508803,-0.5063291139240533,,,,,,,,,,,,,,,,,,,,,
1984-07-01,2776.0,317.0,97.0,,-0.750804433321417,5.671869052150735,,-0.6269592476489061,5.666666666666664,,-1.0204081632653073,5.434782608695654,30.84,103.42,3.11,24.2,14.519123653917564,8.62979922507925,4.933650901667241,9.311912060035944,4.612583451345342,-6.508768757909966,24.4,8.74125874125875,21.9607843137255,11.933395004625336,6.140350877192979,6.0008760402978645,,,,,,,,,,,,,,,,,,,,,
1984-08-01,2741.0,313.0,96.0,,-4.793331017714486,18.09564842740199,,-4.573170731707322,18.113207547169807,,-4.950495049504955,18.518518518518512,30.91,100.18,3.19,24.36,17.573221757322187,-3.3458411507191976,25.34468775344687,4.452090501511852,-2.3681902348698936,25.617554858934177,21.292775665399244,1.2698412698412653,46.330275229357774,9.927797833935003,3.22033898305083,32.89689034369887,,,,,,,,,,,,,,,,,,,,,
1984-09-01,2507.0,286.0,88.0,,-9.13374411018485,-11.130804679191774,,-8.917197452229297,-11.180124223602483,,-9.278350515463918,-11.111111111111116,28.05,91.59,2.84,22.69,7.7188940092165925,-6.965174129353224,-4.102564102564099,-0.7692307692307665,-5.548107662163549,-12.613300257609005,14.516129032258052,-8.974358974358987,-2.0689655172413834,1.657706093189959,-3.774385072094988,-1.7323516673884765,,,,,,,,,,,,,,,,,,,,,
1984-10-01,2568.0,293.0,90.0,,-7.49279538904899,-8.187343582409722,,-7.57097791798107,-8.150470219435736,,-7.216494845360821,-8.163265306122447,27.86,94.01,2.92,22.83,4.266467065868262,-9.662775616083009,-1.8668545262416347,5.144838384968131,-9.09882034422742,-4.905927574347557,23.728813559322038,-6.109324758842439,2.0979020979021046,-0.6527415143603221,-5.661157024793395,0.1315789473684159,,,,,,,,,,,,,,,,,,,,,
1984-11-01,2534.0,289.0,89.0,,-7.551988325428671,-11.983327544286215,,-7.667731629392971,-11.890243902439025,,-7.2916666666666625,-11.881188118811881,28.56,94.06,2.9,23.58,1.781895937277267,-7.602717567130379,-10.694183864915574,5.863815419245921,-6.109003793172296,-8.332521196764443,18.852459016393453,-9.090909090909093,-7.936507936507942,4.75344291426032,-3.2019704433497553,-0.08474576271187972,,,,,,,,,,,,,,,,,,,,,
1984-12-01,2446.0,279.0,86.0,,-2.4331870761866825,-11.344690105110544,,-2.447552447552448,-11.146496815286621,,-2.2727272727272707,-11.340206185567014,30.65,103.02,2.93,23.86,6.943475226796925,9.269162210338667,1.6583747927031434,3.934624697336564,12.479528332787403,6.239043002990607,15.354330708661411,3.169014084507049,-6.08974358974359,0.6751054852320637,5.156456588805636,1.187446988973706,,,,,,,,,,,,,,,,,,,,,
1985-01-01,2599.0,255.0,109.0,-1.0658545869813518,1.2071651090342694,-6.376080691642649,-15.000000000000002,-12.969283276450517,-19.558359621451103,18.47826086956521,21.111111111111104,12.371134020618557,31.17,107.49,2.97,23.98,6.056481796529445,11.880832735104097,1.0700389105058328,-2.8295064183691987,14.338900117008823,3.9354090117965423,16.470588235294127,1.7123287671233056,-4.501607717041789,5.037231712658796,5.037231712658796,-0.9090909090909038,,,,,,,,,,,,,,,,,,,,,
1985-02-01,2279.0,223.0,96.0,-1.8095648427401967,-10.063141278610887,-16.85516234950748,-15.849056603773581,-22.837370242214526,-28.753993610223638,18.518518518518512,7.86516853932584,0.0,25.59,84.4,2.51,19.39,3.771289537712885,-10.399159663865543,-17.211258492397285,5.830721003134798,-10.27004039974484,-15.751647035336392,15.13761467889907,-13.44827586206897,-21.316614420062695,5.78286961265686,-17.769296013570813,-20.402298850574706,,,,,,,,,,,,,,,,,,,,,
1985-03-01,2841.0,278.0,119.0,0.7089684509039351,16.14881439084219,13.322696449940175,-13.664596273291929,-0.35842293906810374,-2.7972027972028024,20.2020202020202,38.372093023255815,35.22727272727273,30.54,105.01,3.05,22.37,4.410256410256408,-0.35889070146818414,8.87700534759357,0.1908214864993818,1.9316637546107573,14.652254612949012,5.1724137931034475,4.095563139931735,7.3943661971831,-3.1182330012992643,-6.244761106454311,-1.4103129131776138,,,,,,,,,,,,,,,,,,,,,
1985-04-01,2630.0,258.0,110.0,-5.9706828745084035,1.192766448634086,2.414330218068539,-19.122257053291534,1.17647058823529,-11.945392491467576,12.244897959183664,0.917431192660545,22.222222222222232,29.82,104.12,3.09,24.09,5.036984853821758,-4.331087584215599,7.035175879396993,5.320655472385205,-3.1351753651502334,10.754175087756623,8.041958041958042,4.040404040404022,5.821917808219168,5.657894736842106,0.4587155963302836,5.51905387647833,,,,,,,,,,,,,,,,,,,,,
1985-05-01,2780.0,272.0,117.0,-3.4386939909690883,21.98332602018429,9.707971586424623,-17.07317073170732,21.973094170403584,-5.882352941176472,15.841584158415834,21.875,31.46067415730338,30.86,104.56,3.04,24.05,-3.502188868042533,20.593982024228218,8.053221288515399,1.900399571191902,23.88625592417062,11.163087391027005,-3.4920634920634908,21.11553784860558,4.827586206896561,1.9067796610169552,24.033006704486848,1.99321458863444,,,,,,,,,,,,,,,,,,,,,
1985-06-01,2551.0,250.0,107.0,-7.538963392533526,-10.207673354452663,4.292722812755523,-20.382165605095537,-10.07194244604317,-10.39426523297491,10.309278350515472,-10.084033613445376,24.418604651162788,29.89,98.89,2.83,24.2,-0.8623548922056301,-2.128356254092989,-2.4796084828711207,1.9799938125193428,-5.828016379392443,-4.008930304795177,-9.294871794871796,-7.213114754098349,-3.412969283276457,2.62934690415606,8.180599016540002,1.4249790444258226,,,,,,,,,,,,,,,,,,,,,
1985-07-01,2596.0,254.0,109.0,-6.484149855907784,-1.2927756653992373,-0.1154290111581413,-19.873817034700313,-1.5503875968992276,-0.39215686274509665,12.371134020618557,-0.9090909090909038,0.0,31.8,102.67,2.75,23.92,3.112840466926081,6.639839034205242,2.02117420596728,-0.7251982208470342,-1.392623895505185,-4.484138059354348,-11.575562700964625,-11.003236245954684,-7.407407407407418,-1.157024793388417,-0.7056870070568655,-0.2502085070892335,,,,,,,,,,,,,,,,,,,,,
1985-08-01,2650.0,260.0,111.0,-3.319956220357534,-4.67625899280576,16.279069767441868,-16.93290734824281,-4.411764705882348,16.59192825112108,15.625,-5.128205128205132,15.625,31.11,99.19,2.67,23.65,0.6470397929472682,0.8101101749838024,21.57092614302463,-0.9882212018367031,-5.135807192042852,17.52369668246445,-16.30094043887147,-12.171052631578949,6.374501992031889,-2.9146141215106725,-1.6632016632016744,21.970087674058792,,,,,,,,,,,,,,,,,,,,,
1985-09-01,2524.0,247.0,106.0,0.6781013163143168,-1.0584084672677352,-11.158042942625833,-13.636363636363635,-1.200000000000001,-11.151079136690644,20.45454545454546,-0.9345794392523366,-10.924369747899155,30.23,95.2,2.6,22.69,7.771836007130117,1.1375041820006704,-1.015062213490503,3.9414783273283183,-3.731418748103954,-9.34196743167317,-8.450704225352101,-8.127208480565374,-14.754098360655732,0.0,-6.2396694214875925,1.4304872597228346,,,,,,,,,,,,,,,,,,,,,
1985-10-01,2776.0,272.0,117.0,8.09968847352025,6.933744221879823,5.551330798479093,-7.167235494880542,7.086614173228356,5.4263565891472965,30.000000000000004,7.339449541284404,6.363636363636371,32.7,99.99,2.43,23.32,17.372577171572168,2.8301886792452935,9.657947686116719,6.361025422827349,-2.6103048602318157,-3.9665770265078892,-16.780821917808208,-11.636363636363633,-21.359223300970864,2.146298729741569,-2.5083612040133874,-3.1963470319634646,,,,,,,,,,,,,,,,,,,,,
1985-11-01,2683.0,263.0,113.0,5.880031570639299,1.2452830188679265,-3.4892086330935213,-8.996539792387548,1.1538461538461497,-3.308823529411764,26.96629213483146,1.8018018018018056,-3.4188034188034178,32.08,99.34,2.45,22.88,12.324929971988796,3.1179684988749568,3.9533376539209186,5.6134382309164454,0.15122492186712133,-4.992348890589138,-15.517241379310331,-8.239700374531822,-19.407894736842103,-2.968617472434265,-3.2558139534883734,-4.86486486486487,,,,,,,,,,,,,,,,,,,,,
1985-12-01,2828.0,277.0,119.0,15.617334423548645,12.044374009508708,10.858486867894946,-0.7168458781361964,12.145748987854255,10.80000000000001,38.372093023255815,12.264150943396235,11.214953271028039,36.13,110.61,2.71,25.47,17.87928221859707,19.51703605689712,20.876547340247576,7.367501456027958,16.186974789915954,11.85155222975023,-7.508532423208203,4.230769230769216,-4.240282685512375,6.747694886839906,12.252093433230481,5.247933884297518,,,,,,,,,,,,,,,,,,,,,
1986-01-01,3120.0,306.0,187.0,20.046171604463247,12.391930835734865,20.184899845916803,19.999999999999996,12.5,20.472440944881896,71.55963302752293,59.82905982905984,71.55963302752293,35.9,116.51,2.92,25.67,15.174847609881281,9.78593272171253,12.893081761006275,8.391478277049046,16.521652165216526,13.48008181552547,-1.683501683501687,20.164609053497927,6.181818181818177,7.047539616346965,10.077186963979411,7.316053511705678,,,,,,,,,,,,,,,,,,,,,
1986-02-01,2487.0,244.0,149.0,9.126810004387886,-7.305255311218783,-6.150943396226416,9.4170403587444,-7.224334600760452,-6.153846153846154,55.20833333333333,31.85840707964602,34.234234234234236,27.54,84.83,2.36,19.5,7.62016412661195,-14.152119700748123,-11.475409836065575,0.5094786729857637,-14.606402254882223,-14.477265853412646,-5.976095617529875,-3.673469387755113,-11.610486891385774,0.5673027333677139,-14.77272727272727,-17.547568710359407,,,,,,,,,,,,,,,,,,,,,
1986-03-01,3288.0,322.0,197.0,15.733896515311518,16.26591230551626,30.26941362916007,15.827338129496393,16.24548736462095,30.364372469635637,65.54621848739495,65.54621848739495,85.84905660377358,36.76,120.52,3.48,31.72,20.366732154551404,1.743703293661758,21.601058551108167,14.770021902675934,8.959406925232805,26.59663865546218,14.098360655737707,28.41328413284132,33.84615384615384,41.79704962002682,24.538672948566955,39.79726751873069,,,,,,,,,,,,,,,,,,,,,
1986-04-01,3226.0,316.0,194.0,22.66159695817491,3.3974358974359076,16.21037463976944,22.480620155038757,3.267973856209161,16.176470588235304,76.36363636363637,3.743315508021383,65.81196581196582,34.62,106.03,3.31,25.27,16.096579476861162,-3.5654596100278546,5.871559633027501,1.8344218209757956,-8.99493605699082,6.040604060406052,7.119741100323629,13.35616438356164,36.21399176954731,4.898298048982985,-1.5582391897156267,8.361921097770143,,,,,,,,,,,,,,,,,,,,,
1986-05-01,3477.0,341.0,209.0,25.07194244604316,39.806996381182145,29.593738352590382,25.36764705882353,39.75409836065573,29.65779467680609,78.63247863247864,40.26845637583894,84.95575221238938,36.64,111.04,3.42,26.41,18.72974724562542,33.04284676833697,14.214463840399016,6.19739862280031,30.89708829423554,11.777733038051142,12.5,44.91525423728815,39.591836734693864,9.812889812889814,35.43589743589743,15.428321678321687,,,,,,,,,,,,,,,,,,,,,
1986-06-01,3336.0,327.0,200.0,30.772246177969432,1.4598540145985384,17.963224893917975,30.800000000000004,1.552795031055898,18.050541516245477,86.91588785046729,1.522842639593902,68.0672268907563,35.4,107.17,3.35,26.78,18.434258949481432,-3.699673558215455,-2.0204815942430177,8.372939629891807,-11.07699966810487,-3.1100262182442773,18.37455830388692,-3.735632183908044,23.616236162361638,10.6611570247934,-15.573770491803273,5.1433058500196305,,,,,,,,,,,,,,,,,,,,,
1986-07-01,3521.0,345.0,211.0,35.63174114021572,9.144451332920035,12.852564102564102,35.82677165354331,9.177215189873422,12.745098039215685,93.57798165137613,8.762886597938135,12.834224598930488,34.44,115.15,3.69,28.47,8.301886792452828,-0.5199306759098743,-4.066852367688023,12.155449498392912,8.601339243610306,-1.1672817783881184,34.18181818181818,11.480362537764343,26.369863013698634,19.021739130434767,12.663237039968344,10.907674328009342,,,,,,,,,,,,,,,,,,,,,
1986-08-01,3589.0,352.0,215.0,35.43396226415094,3.2211676732815553,44.31041415359871,35.384615384615394,3.2258064516129004,44.26229508196722,93.69369369369369,2.8708133971291794,44.29530201342282,35.03,113.82,3.82,27.77,12.600450016072017,-4.394104803493448,27.196804647785044,14.74947071277346,2.503602305475483,34.174230814570315,43.071161048689135,11.695906432748536,61.86440677966103,17.42071881606766,5.149564558879205,42.410256410256395,,,,,,,,,,,,,,,,,,,,,
1986-09-01,3448.0,338.0,207.0,36.60855784469097,3.3573141486810565,4.8661800486617945,36.8421052631579,3.3639143730886945,4.968944099378891,95.28301886792451,3.499999999999992,5.076142131979688,35.51,109.04,3.63,27.23,17.46609328481641,0.3107344632768294,-3.4004352557127304,14.537815126050413,1.744891294205475,-9.525389976767329,39.615384615384606,8.358208955223878,4.31034482758621,20.008814455707345,1.6803584764749857,-14.155107187894068,,,,,,,,,,,,,,,,,,,,,
1986-10-01,3915.0,384.0,235.0,41.030259365994226,11.190002840102252,21.357718536887795,41.176470588235304,11.304347826086957,21.518987341772156,100.85470085470085,11.374407582938396,21.134020618556693,38.14,114.68,3.93,28.91,16.636085626911303,10.743321718931487,10.167533217793201,14.691469146914704,-0.40816326530611624,8.158068471187407,61.72839506172838,6.50406504065042,18.731117824773413,23.970840480274447,1.5454864769933296,14.404432132963985,,,,,,,,,,,,,,,,,,,,,
1986-11-01,3872.0,379.0,232.0,44.31606410734253,7.8852047924212965,11.360368133448384,44.106463878327,7.670454545454541,11.143695014662747,105.30973451327435,7.906976744186056,11.004784688995217,38.22,108.11,3.86,28.64,19.13965087281795,9.106480159862972,4.312227074235797,8.82826655929132,-5.016693024073094,-2.6386887608069176,57.55102040816325,1.0471204188481575,12.86549707602338,25.174825174825187,3.132877205617568,8.44377129875047,,,,,,,,,,,,,,,,,,,,,
1986-12-01,3863.0,379.0,232.0,36.598302687411596,12.03596287703017,15.797362110311752,36.823104693140785,12.130177514792905,15.902140672782883,94.9579831932773,12.077294685990347,15.999999999999993,41.22,120.5,4.23,30.98,14.088015499584827,16.0799774711349,16.440677966101692,8.941325377452314,10.509904622156995,12.4381823271438,56.08856088560887,16.528925619834723,26.268656716417915,21.63329407145662,13.771575468233577,15.683345780433156,,,,,,,,,,,,,,,,,,,,,
1987-01-01,3799.0,407.0,270.0,21.762820512820504,-2.9629629629629672,7.895484237432537,33.006535947712415,5.989583333333326,17.971014492753625,44.38502673796791,14.893617021276606,27.96208530805686,38.94,114.71,3.56,27.82,8.467966573816144,2.0975353959097998,13.066202090592327,-1.5449317655137018,0.026159748866394494,-0.38211029092488635,21.91780821917808,-9.414758269720103,-3.5230352303523005,8.375535644721467,-3.7703216879972357,-2.2831050228310446,,,,,,,,,,,,,,,,,,,,,
1987-02-01,3769.0,403.0,268.0,51.5480498592682,-2.6601239669421517,5.015324602953464,65.1639344262295,6.33245382585752,14.488636363636353,79.86577181208054,15.517241379310342,24.65116279069768,36.61,102.68,3.61,24.93,32.93391430646333,-4.212454212454208,4.510419640308294,21.042084168336682,-5.022662103413178,-9.787383588121578,52.966101694915245,-6.476683937823835,-5.497382198952883,27.846153846153854,-12.953910614525144,-10.2268635217861,,,,,,,,,,,,,,,,,,,,,
1987-03-01,4286.0,459.0,304.0,30.352798053527973,10.950038829924935,24.303944315545234,42.54658385093168,21.108179419525076,35.79881656804733,54.314720812182735,31.034482758620683,46.85990338164252,40.08,120.32,4.37,30.29,9.031556039173005,-2.7656477438136817,12.869614193185019,-0.16594756057086713,-0.14937759336099976,10.344827586206895,25.574712643678165,3.3096926713947816,20.385674931129483,-4.508196721311474,-2.2272433828276372,11.23760558207858,,,,,,,,,,,,,,,,,,,,,
1987-04-01,4650.0,498.0,330.0,44.141351518908856,22.400631745196108,18.77394636015326,57.59493670886076,22.35872235872236,29.6875,70.10309278350515,22.222222222222232,40.42553191489362,39.34,123.28,4.39,31.32,13.633737723859053,1.0272213662044338,3.146303093864722,16.268980477223426,7.471013861040898,7.499128008371114,32.62839879154078,23.31460674157302,11.704834605597947,23.941432528690143,12.580877066858376,8.336215842269112,,,,,,,,,,,,,,,,,,,,,
1987-05-01,4495.0,482.0,320.0,29.278113316077082,19.26240382064208,16.08987603305785,41.34897360703813,19.602977667493793,27.176781002638517,53.110047846889955,19.402985074626855,37.93103448275863,40.18,121.95,4.2,31.58,9.661572052401745,9.751434034416828,5.128205128205132,9.82528818443804,18.767043241137515,12.801775968920538,22.807017543859654,16.343490304709142,8.808290155440424,19.575918212798182,26.67468912956277,10.265363128491622,,,,,,,,,,,,,,,,,,,,,
1987-06-01,4665.0,499.0,331.0,39.838129496402885,8.842743817078858,20.761066528604722,52.5993883792049,8.714596949891074,31.6622691292876,65.5,8.881578947368428,42.672413793103445,38.8,119.07,4.36,32.15,9.604519774011289,-3.1936127744511045,-5.8709364386220315,11.103853690398434,-1.0388962765957466,-1.186721991701245,30.149253731343293,-0.22883295194507935,3.0732860520094496,20.052277819268106,6.140640475404413,3.7766300839251032,,,,,,,,,,,,,,,,,,,,,
1987-07-01,4644.0,497.0,330.0,31.89434819653507,-0.1290322580645209,22.242695446170035,44.05797101449276,-0.20080321285140812,22.113022113022108,56.398104265402836,0.0,22.222222222222232,38.77,120.85,4.54,33.59,12.572590011614416,-1.4489069649212039,-0.4365690806368616,4.9500651324359435,-1.971122647631418,5.352628367186818,23.035230352303525,3.4168564920273425,27.52808988764044,17.983842641376913,7.247765006385709,20.740474478792237,,,,,,,,,,,,,,,,,,,,,
1987-08-01,4530.0,470.0,319.0,26.219002507662292,0.7786429365962189,20.191032104006368,33.52272727272727,-2.4896265560165998,16.62531017369726,48.37209302325582,-0.31250000000000444,19.02985074626866,38.41,121.69,4.45,32.9,9.648872395089914,-4.405176704828284,4.9166894291177154,6.9144262871200235,-0.21320213202132843,18.513829372808722,16.492146596858646,5.952380952380953,23.26869806094183,18.47317248829672,4.179860671310953,31.969514640994777,,,,,,,,,,,,,,,,,,,,,
1987-09-01,4720.0,505.0,335.0,36.89095127610209,1.1789924973204746,10.125991600559958,49.408284023668635,1.2024048096192397,10.02178649237473,61.835748792270536,1.2084592145015005,10.197368421052634,36.76,115.95,4.44,31.65,3.5201351731906527,-5.25773195876289,-8.283433133732531,6.337123991195881,-2.620307382212139,-3.6319813829787106,22.314049586776875,1.8348623853211121,1.6018306636155666,16.232096951891293,-1.5552099533437058,4.489930670188169,,,,,,,,,,,,,,,,,,,,,
1987-10-01,4680.0,501.0,332.0,19.54022988505748,0.7751937984496138,0.6451612903225712,30.46875,0.8048289738430636,0.6024096385542244,41.276595744680854,0.60606060606061,0.60606060606061,38.9,114.74,4.57,31.34,1.9926586261143076,0.33531080732522867,-1.1184544992374312,0.05231949773281119,-5.05585436491518,-6.927319922128494,16.2849872773537,0.6607929515418665,4.10022779043282,8.405396056727765,-6.698422149449246,0.06385696040869249,,,,,,,,,,,,,,,,,,,,,
1987-11-01,4684.0,478.0,331.0,20.971074380165298,3.399558498896238,4.2046718576195685,26.121372031662272,1.7021276595744705,-0.8298755186721962,42.672413793103445,3.7617554858934144,3.4375000000000044,39.81,108.88,4.39,30.71,4.160125588697028,3.6448841447539904,-0.9208561473369792,0.7122375358431299,-10.526748294847565,-10.717507175071761,13.730569948186533,-1.3483146067415852,4.523809523809508,7.227653631284925,-6.65653495440729,-2.7549081697276656,,,,,,,,,,,,,,,,,,,,,
1987-12-01,4819.0,516.0,342.0,24.74760548796273,2.0974576271186374,3.301178992497311,36.14775725593668,2.17821782178218,3.4068136272545013,47.41379310344826,2.0895522388059806,3.3232628398791597,42.24,122.77,4.95,33.15,2.4745269286754024,14.907508161044625,8.865979381443312,1.883817427385881,5.881845623113402,3.1074158058285173,17.021276595744684,11.486486486486491,13.53211009174311,7.004519044544866,4.739336492891,3.1104199066874116,,,,,,,,,,,,,,,,,,,,,
1988-01-01,4624.0,509.0,384.0,21.71624111608319,-1.1965811965811923,-0.4306632213608941,25.06142506142506,1.5968063872255467,2.4144869215291687,42.22222222222223,15.662650602409634,16.36363636363636,42.27,115.06,4.56,33.57,8.551617873651796,8.663239074550134,9.027598658756775,0.30511725220121466,0.2788914066585324,-4.791063301613563,28.08988764044942,-0.2188183807440014,0.4405286343612147,20.668583752695913,7.11550733886408,-0.059541530217332994,,,,,,,,,,,,,,,,,,,,,
1988-02-01,4309.0,474.0,358.0,14.327407800477587,-8.005977796754916,-4.878587196467987,17.617866004962778,-0.8368200836820106,0.8510638297872353,33.582089552238806,8.157099697885206,12.225705329153612,36.52,96.42,3.83,26.11,-0.24583447145587467,-8.26425521225822,-4.920593595417843,-6.096610829762373,-11.443791329904474,-20.765880516065405,6.094182825484773,-12.756264236902037,-13.932584269662929,4.733253108704361,-14.978834255942697,-20.638297872340427,,,,,,,,,,,,,,,,,,,,,
1988-03-01,5174.0,569.0,429.0,20.718618758749408,7.366673583731065,9.6186440677966,23.965141612200448,10.27131782945736,12.673267326732663,41.11842105263157,25.43859649122806,28.059701492537314,41.0,116.38,4.73,32.91,2.2954091816367317,-2.9356060606060663,11.534276387377584,-3.274601063829785,-5.204854606174147,0.370849504096582,8.237986270022901,-4.444444444444439,6.5315315315315425,8.6497193793331,-0.7239819004524972,3.9810426540284327,,,,,,,,,,,,,,,,,,,,,
1988-04-01,5275.0,580.0,438.0,13.440860215053775,14.078719723183397,12.713675213675213,16.465863453815267,13.948919449901776,15.76846307385229,32.72727272727274,14.0625,31.92771084337349,40.23,116.43,4.68,32.71,2.2623284189120296,-4.826117814052533,3.4190231362467793,-5.556456846203761,1.1906831218494673,1.472895241415384,6.605922551252852,2.6315789473684292,2.4070021881837933,4.438058748403573,-2.561811140899606,4.371410338225923,,,,,,,,,,,,,,,,,,,,,
1988-05-01,5165.0,568.0,429.0,14.905450500556183,19.865398004177305,10.269000853970955,17.842323651452286,19.831223628691987,18.828451882845187,34.06249999999999,19.83240223463687,29.607250755287005,40.29,113.2,4.65,33.79,0.27376804380288,10.323110624315435,1.2057272042200307,-7.17507175071751,17.403028417340806,3.9676708302718744,10.71428571428572,21.409921671018274,5.922551252847397,6.998100063331236,29.41401761777096,10.029306414848582,,,,,,,,,,,,,,,,,,,,,
1988-06-01,5090.0,560.0,422.0,9.11039657020365,-1.6235021260146865,5.623573355467948,12.224448897795593,-1.5817223198594021,8.52713178294573,27.49244712990937,-1.631701631701632,23.391812865497073,39.95,111.53,4.83,33.86,2.9639175257732076,-2.5609756097560887,-5.421401515151514,-6.33240950701267,-4.167382711806145,-9.155331106947951,10.779816513761453,2.114164904862581,-2.4242424242424288,5.318818040435458,2.8866605894864783,2.1417797888386048,,,,,,,,,,,,,,,,,,,,,
1988-07-01,5064.0,557.0,420.0,9.04392764857882,-4.0000000000000036,9.515570934256058,12.072434607645866,-3.9655172413793127,9.430255402750486,27.27272727272727,-4.109589041095896,9.375,41.28,113.78,4.84,33.62,6.474077895279851,2.6099925428784587,-2.3420865862313733,-5.8502275548200195,-2.2760456926908867,-1.1124630627498688,6.607929515418509,3.418803418803429,6.140350877192979,0.08931229532598284,2.7820238459186797,0.14894250819184052,,,,,,,,,,,,,,,,,,,,,
1988-08-01,5036.0,554.0,418.0,11.169977924944806,-2.49757986447241,16.87166395915525,17.872340425531917,-2.464788732394363,16.87763713080168,31.034482758620683,-2.564102564102566,16.75977653631284,41.17,114.61,5.04,34.45,7.185628742514982,2.1841648051625695,12.732749178532309,-5.818062289423942,1.245583038869258,18.86538062642604,13.258426966292136,8.387096774193537,31.592689295039158,4.711246200607921,1.953240603728923,31.941784756798185,,,,,,,,,,,,,,,,,,,,,
1988-09-01,4952.0,503.0,409.0,4.915254237288136,-2.711198428290762,-4.290684190181682,-0.3960396039603964,-10.178571428571425,-11.59929701230229,22.089552238805975,-3.080568720379151,-4.66200466200466,41.09,111.32,4.77,33.21,11.779107725788919,2.8535669586983836,0.21951219512195141,-3.9931004743423926,-0.18829014614902828,-4.347826086956519,7.432432432432412,-1.242236024844734,0.8456659619450191,4.9289099526066416,-1.9196692262256287,0.9115770282589031,,,,,,,,,,,,,,,,,,,,,
1988-10-01,5366.0,594.0,438.0,14.65811965811965,5.963665086887837,1.7251184834123245,18.562874251497007,6.642728904847406,2.4137931034482696,31.92771084337349,4.285714285714293,0.0,41.0,110.25,4.79,34.92,5.398457583547556,-0.6782945736434121,1.9139945314442075,-3.9131950496775314,-3.10247846721744,-5.307910332388566,4.814004376367609,-1.0330578512396604,2.3504273504273643,11.423101467772812,3.8667459845330265,6.756343625802508,,,,,,,,,,,,,,,,,,,,,
1988-11-01,5238.0,586.0,429.0,11.827497865072578,4.011119936457508,1.413359148112292,22.59414225941423,5.776173285198549,3.169014084507049,29.607250755287005,2.6315789473684292,0.0,41.47,109.5,4.83,36.46,4.169806581260982,0.7286859363614173,2.928766443286168,0.5694342395297536,-4.458598726114649,-3.2685512367491176,10.022779043280195,-4.1666666666666625,3.8709677419354716,18.723542819928362,5.834542815674881,7.901746078721517,,,,,,,,,,,,,,,,,,,,,
1988-12-01,5476.0,657.0,449.0,13.63353392820088,10.58158319870759,7.583497053045196,27.32558139534884,30.61630218687872,17.321428571428577,31.28654970760234,9.7799511002445,6.3981042654028375,45.27,119.07,5.32,38.11,7.173295454545459,10.172791433438789,13.316645807259064,-3.0137655779099104,6.961911606180382,6.760512866493307,7.4747474747474785,11.530398322851166,10.144927536231885,14.962292609351447,14.754591990364352,12.551683402244528,,,,,,,,,,,,,,,,,,,,,
1989-01-01,5429.0,646.0,337.0,17.40916955017302,1.1740588893030202,7.207740916271721,26.915520628683698,8.754208754208758,15.978456014362653,-12.239583333333337,-23.059360730593603,-19.76190476190476,44.09,117.32,4.87,36.4,4.305654128223324,7.536585365853665,6.8071705426356655,1.9641925951677353,6.412698412698403,3.1112673580593997,6.798245614035103,1.6701461377870652,0.6198347107438051,8.430145963658031,4.23825887743412,8.268887566924455,,,,,,,,,,,,,,,,,,,,,
1989-02-01,4658.0,592.0,275.0,8.099326990020895,-11.072928598701793,-7.505957108816519,24.894514767932495,1.0238907849829282,6.859205776173294,-23.184357541899438,-35.89743589743589,-34.210526315789465,35.16,94.94,3.67,26.53,-3.723986856516992,-15.215818664094527,-14.59800825844062,-1.5349512549263644,-13.296803652968038,-17.162551260797485,-4.177545691906004,-24.016563146997928,-27.182539682539687,1.608579088471851,-27.23532638507954,-22.989840348330915,,,,,,,,,,,,,,,,,,,,,
1989-03-01,6260.0,795.0,394.0,20.989563200618466,14.317019722425117,26.413570274636513,39.71880492091388,21.004566210045674,58.051689860835,-8.158508158508159,-12.249443207126953,-3.6674816625916873,44.62,121.49,5.33,38.91,8.829268292682912,-1.4358294676386274,8.590898028717442,4.390788795325662,2.032417905433781,9.135824649658652,12.684989429175463,0.1879699248120259,11.74004192872118,18.231540565177752,2.0991865652059793,17.163504968383016,,,,,,,,,,,,,,,,,,,,,
1989-04-01,5820.0,728.0,373.0,10.331753554502377,7.202062995026703,8.460678345136042,25.517241379310352,12.693498452012374,22.558922558922557,-14.840182648401823,10.682492581602364,-14.840182648401823,43.08,114.83,5.0,37.29,7.084265473527229,-2.2907688818326277,5.073170731707322,-1.3742162672850666,-2.1224002727582625,4.154195011337869,6.8376068376068355,2.6694045174537884,4.384133611691032,14.001834301436865,2.4450549450549364,6.786941580756012,,,,,,,,,,,,,,,,,,,,,
1989-05-01,5744.0,725.0,346.0,11.210067763794761,23.31472735079434,9.660175639557078,27.640845070422525,22.466216216216207,23.72013651877134,-19.34731934731935,25.818181818181827,-19.34731934731935,42.99,117.41,5.24,38.44,6.701414743112433,22.269624573378866,3.6653002170243587,3.719081272084801,23.667579523909833,7.223744292237444,12.68817204301076,42.77929155313351,8.488612836438936,13.761467889908264,44.89257444402561,5.430608886450905,,,,,,,,,,,,,,,,,,,,,
1989-06-01,5685.0,682.0,364.0,11.689587426326131,-9.185303514376997,3.8166544923301737,21.785714285714274,-14.213836477987417,3.8051750380517557,-13.744075829383885,-7.614213197969544,-18.930957683741646,41.92,112.84,5.2,37.89,4.931163954943685,-6.051098162259072,-7.400044179368237,1.1745718640724379,-7.119927566054818,-5.232216343327445,7.660455486542439,-2.4390243902439046,-2.2556390977443663,11.90194920259895,-2.6214340786430146,-0.5772763054316399,,,,,,,,,,,,,,,,,,,,,
1989-07-01,5609.0,673.0,365.0,10.762243285939977,-3.625429553264603,3.3155277214956813,20.82585278276481,-7.55494505494505,4.179566563467496,-13.095238095238093,-2.144772117962468,8.308605341246288,41.98,113.75,5.08,36.62,1.695736434108519,-2.553389043639742,-4.785665683828544,-0.02636667252592373,-0.9405207698336637,-3.0429594272076366,4.958677685950419,1.6000000000000014,4.312114989733051,8.923259964306961,-1.7967283454009109,0.6043956043956022,,,,,,,,,,,,,,,,,,,,,
1989-08-01,5294.0,635.0,355.0,5.123113582208094,-7.834261838440115,13.653928724774577,14.620938628158854,-12.413793103448278,7.263513513513509,-15.071770334928225,2.6011560693641522,29.0909090909091,43.63,116.52,5.23,37.81,5.975224678163715,1.4887183065829257,24.08987485779297,1.6665212459645806,-0.7580274252618979,22.730145354961028,3.7698412698412787,-0.1908396946564861,42.506811989100825,9.753265602322214,-1.6389177939646116,42.517904259329065,,,,,,,,,,,,,,,,,,,,,
1989-09-01,5458.0,677.0,387.0,10.21809369951534,-3.9929639401934947,-12.811501597444085,34.59244532803181,-0.7331378299120228,-14.842767295597481,-5.378973105134477,6.318681318681318,-1.7766497461928932,40.77,111.15,4.87,35.36,-0.7787782915551267,-2.7433206106870167,-8.628417749887928,-0.15271289974846392,-1.497695852534564,-8.510988558729105,2.096436058700224,-6.346153846153846,-8.630393996247655,6.4739536284251775,-6.677223541831623,-9.123618607041884,,,,,,,,,,,,,,,,,,,,,
1989-10-01,5131.0,606.0,370.0,-4.37942601565412,-8.522018185059721,-11.838487972508593,2.020202020202011,-9.955423476968795,-16.758241758241756,-15.52511415525114,1.3698630136986356,-0.8042895442359255,42.09,105.73,4.8,36.15,2.658536585365856,0.2620295378751969,-2.2980501392757535,-4.099773242630378,-7.050549450549449,-7.924758338413307,0.20876826722338038,-5.511811023622048,-4.0000000000000036,3.5223367697594377,-1.2834516657564188,-3.057119871279168,,,,,,,,,,,,,,,,,,,,,
1989-11-01,5476.0,690.0,449.0,4.543718976708666,3.4378541745372138,-4.665738161559885,17.74744027303754,8.661417322834652,-4.82758620689655,4.66200466200466,26.47887323943663,29.768786127167623,42.92,107.12,4.94,38.24,3.4965034965035002,-1.6273206509282656,-0.1628285647825134,-2.1735159817351524,-8.067284586337099,-8.764159781960645,2.2774327122153215,-5.544933078393877,-5.725190839694649,4.8820625342841595,1.137265273737098,-0.520291363163361,,,,,,,,,,,,,,,,,,,,,
1989-12-01,5207.0,620.0,437.0,-4.912344777209643,-4.598754122389148,-8.40809146877749,-5.631659056316596,-8.419497784342688,-9.090909090909093,-2.6726057906458767,12.919896640826867,20.05494505494505,44.35,113.29,4.99,37.75,-2.032250938811575,8.780966396860435,5.79675572519085,-4.8542873939699245,1.9253261358524565,0.39879475363346906,-6.203007518796988,2.4640657084188833,-4.038461538461535,-0.9446339543426885,6.759049773755654,-0.3694906307732948,,,,,,,,,,,,,,,,,,,,,
1990-01-01,4910.0,502.0,367.0,-9.559771596979182,-4.307152601831998,-12.462114458905326,-22.291021671826627,-17.161716171617158,-25.40861812778603,8.902077151335309,-0.8108108108108136,0.5479452054794498,38.74,102.67,4.09,31.03,-12.134270809707415,-7.959135186505106,-7.717960933777979,-12.4872144561882,-2.8941643809703987,-9.740659340659342,-16.016427104722798,-14.79166666666667,-19.488188976377952,-14.752747252747245,-14.163208852005527,-15.264882577826311,,,,,,,,,,,,,,,,,,,,,
1990-02-01,5038.0,545.0,392.0,8.158007728638905,-7.998539079620159,-4.83566301473366,-7.939189189189189,-21.014492753623195,-14.173228346456689,42.545454545454554,-12.694877505567925,10.422535211267615,38.56,103.61,4.35,32.54,9.670079635949968,-10.158434296365327,-11.620444648177862,9.132083421108073,-3.2766990291262177,-11.079642979745962,18.528610354223417,-11.943319838056699,-16.826003824091796,22.653599698454574,-14.905857740585782,-13.938111610685011,,,,,,,,,,,,,,,,,,,,,
1990-03-01,5932.0,621.0,448.0,-5.23961661341853,13.923564432494718,8.684499816782697,-21.886792452830186,0.1612903225806539,-8.271787296898081,13.705583756345185,2.517162471395884,15.762273901808776,44.68,113.21,5.16,39.21,0.13446884805021764,0.7440811724915397,9.590385087073816,-6.815375751090624,-0.07061523523701485,1.853351327035524,-3.1894934333958735,3.4068136272545013,5.954825462012314,0.7710100231303141,3.8675496688741706,10.88800904977376,,,,,,,,,,,,,,,,,,,,,
1990-04-01,5851.0,697.0,451.0,0.5326460481099637,19.164969450101843,14.032352367959454,-4.258241758241754,38.84462151394423,15.016501650165015,20.91152815013404,22.8882833787466,21.89189189189189,41.21,108.19,5.02,37.73,-4.340761374187552,6.375838926174504,-2.09075789973866,-5.782461029347729,5.376448816596868,2.326681169015421,0.40000000000000036,22.73838630806846,4.583333333333339,1.179941002949847,21.59200773445051,4.370677731673567,,,,,,,,,,,,,,,,,,,,,
1990-05-01,5997.0,607.0,413.0,4.404596100278546,19.035331480746322,9.51424397370344,-16.27586206896552,11.376146788990816,-12.028985507246382,19.364161849710992,5.35714285714286,-8.01781737193764,41.18,108.92,5.21,38.38,-4.210281460804843,6.794605809128629,-4.054054054054057,-7.231070607273649,5.12498793552747,1.6803584764749857,-0.5725190839694694,19.77011494252874,5.465587044534415,-0.15608740894900164,17.947141979102653,0.36610878661087476,,,,,,,,,,,,,,,,,,,,,
1990-06-01,5556.0,601.0,380.0,-2.2691292875989477,-6.338503034389753,6.702515844056078,-11.87683284457478,-3.2206119162640934,-3.0645161290322576,4.395604395604402,-15.17857142857143,-13.043478260869568,39.76,105.44,5.4,38.05,-5.152671755725202,-11.011638316920324,-10.349492671927852,-6.5579581708614,-6.863351294055297,-6.929119957630869,3.8461538461538547,4.651162790697683,8.21643286573146,0.4222750065980385,-2.958428972200977,0.7947019867549532,,,,,,,,,,,,,,,,,,,,,
1990-07-01,5798.0,651.0,387.0,3.369584596184705,-0.9058280635788729,18.085539714867615,-3.268945022288261,-6.599713055954092,29.681274900398403,6.02739726027397,-14.190687361419075,5.449591280653943,41.07,110.1,5.25,37.4,-2.167698904240112,-0.33972336811454173,6.0144553433143955,-3.2087912087912174,1.7654126998798425,7.236778026687429,3.34645669291338,4.5816733067729265,28.361858190709043,2.1299836155106444,-0.8746355685131157,20.528520786335804,,,,,,,,,,,,,,,,,,,,,
1990-08-01,5580.0,650.0,368.0,5.4023422742727645,-6.953476738369179,10.75823739579198,2.3622047244094446,7.084019769357486,19.266055045871553,3.6619718309859106,-10.895883777239712,-6.122448979591832,42.26,111.25,5.28,38.29,-3.1400412560165125,2.6226323457989364,9.595435684647292,-4.522828698935799,2.139184722732268,7.37380561721841,0.9560229445506607,1.343570057581589,21.37931034482761,1.2695054218460733,-0.23449713392392768,17.670559311616472,,,,,,,,,,,,,,,,,,,,,
1990-09-01,5577.0,698.0,427.0,2.180285818981309,0.37796976241901703,-5.984490896830752,3.101920236336775,16.139767054908493,12.399355877616758,10.335917312661502,12.368421052631584,-4.6875,41.45,105.41,5.12,36.78,1.667893058621539,4.250503018108653,-7.229185317815567,-5.1641925326135985,-0.02845220030348594,-6.8898507199010695,5.133470225872694,-5.185185185185192,-0.7751937984496138,4.015837104072406,-3.337713534822595,-6.19739862280031,,,,,,,,,,,,,,,,,,,,,
1990-10-01,5979.0,622.0,482.0,16.526992788930038,3.121766126250436,2.1876602290206826,2.64026402640265,-4.454685099846389,-10.76040172166427,30.270270270270274,24.547803617571052,6.873614190687372,43.73,106.5,4.98,36.9,3.8964124495129315,6.476747017287554,6.115020626061618,0.7282701220088894,-3.2697547683923633,-1.5620667344486527,3.750000000000009,-5.142857142857138,-0.7968127490039723,2.0746887966804906,-1.3368983957219305,-2.199840975351175,,,,,,,,,,,,,,,,,,,,,
1990-11-01,5935.0,617.0,415.0,8.382030679327968,6.362007168458783,-1.0338502584625653,-10.579710144927535,-5.076923076923078,1.6474464579901094,-7.572383073496658,12.771739130434788,0.4842615012106588,43.92,106.63,5.44,38.87,2.329916123019582,3.9280643634642676,6.653715395823223,-0.4574309185959802,-4.152808988764045,-2.1024605214836622,10.121457489878537,3.0303030303030276,4.414587332053754,1.6474895397489364,1.5147558109166903,1.27670661803021,,,,,,,,,,,,,,,,,,,,,
1990-12-01,5551.0,625.0,428.0,6.606491261763003,-0.4662004662004615,-0.08999280057595538,0.8064516129032251,-10.458452722063038,3.993344425956735,-2.0594965675057253,0.23419203747072626,12.631578947368416,44.48,113.39,5.43,40.06,0.29312288613301263,7.310012062726168,11.87122736418511,0.08826904404624081,7.570439237264015,7.539833080424896,8.817635270541068,6.0546875,0.5555555555555536,6.119205298013242,8.917890157694398,5.282522996057826,,,,,,,,,,,,,,,,,,,,,
1991-01-01,5807.0,693.0,428.0,18.26883910386965,-2.8767352400066892,0.15522593997929768,38.04780876494025,11.414790996784575,6.451612903225801,16.62125340599454,-11.203319502074693,10.594315245478025,44.26,110.71,5.03,37.52,14.248838409912224,1.2119826206265838,7.767226686145601,7.830914580695425,3.9530516431924845,0.554041780199821,22.98288508557458,1.0040160642570184,-4.190476190476189,20.915243312922982,1.680216802168033,0.3208556149732811,,,,,,,,,,,,,,,,,,,,,
1991-02-01,5393.0,689.0,389.0,7.046447002778877,-9.13226621735468,-3.351254480286736,26.422018348623855,11.669367909238249,6.000000000000005,-0.7653061224489832,-6.2650602409638605,5.7065217391304435,36.32,91.03,4.13,29.23,-5.809128630705396,-17.30418943533698,-14.055844770468529,-12.141685165524564,-14.630029072493667,-18.1752808988764,-5.057471264367807,-24.08088235294118,-21.78030303030304,-10.172095881991394,-24.8006174427579,-23.66153042569862,,,,,,,,,,,,,,,,,,,,,
1991-03-01,6415.0,705.0,428.0,8.142279163857037,15.564763105746703,15.025999641384246,13.526570048309171,12.79999999999999,1.002865329512903,-4.46428571428571,0.0,0.23419203747072626,44.57,112.09,5.44,38.41,-0.24619516562219834,0.2023381294964155,7.5271411338962535,-0.9893118982421956,-1.1464855807390428,6.33715966227113,5.4263565891472965,0.18416206261511192,6.25,-2.040295842897233,-4.11882176734899,4.431756389342012,,,,,,,,,,,,,,,,,,,,,
1991-04-01,6256.0,718.0,448.0,6.921893693385739,7.732047528844488,4.6328817528014765,3.012912482065988,3.607503607503615,15.434083601286176,-0.6651884700665134,4.672897196261672,-7.05394190871369,42.41,107.76,5.42,39.04,2.9119145838388594,-4.179846362403983,-3.0185227532586345,-0.39744893243367496,-2.6646192755848563,1.183098591549303,7.968127490039856,7.753479125248508,8.835341365461847,3.472038165915725,4.051172707889106,5.7994579945799485,,,,,,,,,,,,,,,,,,,,,
1991-05-01,6540.0,683.0,464.0,9.054527263631806,21.268310773224552,10.193765796124676,12.520593080724884,-0.8708272859216271,10.696920583468405,12.348668280871667,19.280205655526995,11.807228915662659,43.95,115.07,5.81,40.74,6.7265662943176485,21.007709251101335,0.0683060109289535,5.64634594197575,26.4088761946611,7.915220857169647,11.516314779270619,40.67796610169492,6.801470588235281,6.1490359562272,39.37735203557988,4.8109081553897814,,,,,,,,,,,,,,,,,,,,,
1991-06-01,6360.0,626.0,502.0,14.470842332613397,-0.8573655494933718,14.573950639524401,4.159733777038266,-11.205673758865252,0.16000000000000458,32.10526315789475,17.28971962616823,17.28971962616823,41.99,110.94,5.64,39.6,5.6086519114688205,-5.7886470720215355,-5.598021582733804,5.216236722306533,-1.0259612811133967,-2.1606843637005047,4.444444444444429,3.676470588235281,3.8674033149171283,4.073587385019728,3.098151523040893,-1.1482775836245684,,,,,,,,,,,,,,,,,,,,,
1991-07-01,6324.0,568.0,541.0,9.072093825457062,1.0869565217391353,8.90304804546238,-12.749615975422424,-20.891364902506957,-18.03751803751804,39.79328165374676,20.75892857142858,26.401869158878498,42.12,115.96,5.83,41.88,2.5566106647187725,-0.6838009903324616,-4.835065521915949,5.322434150772026,7.609502598366724,4.742119049769666,11.04761904761904,7.564575645756455,15.90457256461233,11.978609625668458,7.274590163934436,11.620469083155637,,,,,,,,,,,,,,,,,,,,,
1991-08-01,6394.0,623.0,511.0,14.587813620071689,-2.232415902140672,18.561097719265707,-4.153846153846152,-8.784773060029282,-9.579100145137875,38.8586956521739,10.12931034482758,31.362467866323907,44.41,120.68,5.91,42.53,5.087553241836251,1.0466439135381034,22.274229074889853,8.476404494382027,4.875293299730621,32.571679666044176,11.931818181818187,1.7211703958692093,43.09927360774819,11.07338730739096,4.393716249386359,45.50119739993157,,,,,,,,,,,,,,,,,,,,,
1991-09-01,6315.0,639.0,550.0,13.232920925228608,-0.7075471698113178,-1.5588464536243185,-8.452722063037255,2.076677316293929,-9.361702127659576,28.805620608899307,9.5617529880478,28.504672897196272,44.7,114.59,5.75,44.23,7.840772014475261,6.453917599428438,0.2916760152569031,8.708851152642062,3.2900667027222052,2.230350611116072,12.3046875,1.9503546099290947,5.698529411764697,20.255573681348537,11.691919191919187,15.15230408747723,,,,,,,,,,,,,,,,,,,,,
1991-10-01,6336.0,625.0,579.0,5.970898143502268,0.189753320683117,1.278772378516635,0.4823151125401992,10.035211267605625,-12.952646239554323,20.124481327800826,7.024029574861368,29.24107142857142,47.63,116.94,5.92,45.97,8.918362680082348,13.08167141500476,12.308417825984463,9.802816901408452,0.845119006553996,8.518930957683724,18.875502008032118,1.5437392795883298,9.225092250922518,24.57994579945799,9.765998089780314,17.751024590163933,,,,,,,,,,,,,,,,,,,,,
1991-11-01,6434.0,592.0,501.0,8.40775063184498,0.625586487331864,-1.6207951070336346,-4.051863857374394,-4.97592295345104,-13.323572474377743,20.722891566265055,-1.9569471624266144,7.974137931034475,47.36,118.03,5.92,46.33,7.8324225865209485,6.642648052240485,7.758816837315119,10.691175091437689,-2.195889956910846,2.5723472668810254,8.823529411764696,0.16920473773265332,1.8932874354561147,19.192179058399805,8.934869503879606,13.721158566519387,,,,,,,,,,,,,,,,,,,,,
1991-12-01,6379.0,626.0,518.0,14.916231309673922,1.0134600158353102,0.2987421383647826,0.16000000000000458,-2.0344287949921713,0.0,21.028037383177576,-5.818181818181822,3.1872509960159334,48.29,125.34,5.99,48.0,8.565647482014406,8.031319910514533,15.003572279114064,10.538848222947351,9.381272362335281,12.979989183342354,10.31307550644569,4.173913043478272,6.205673758865249,19.82026959560659,8.523626497852144,21.212121212121215,,,,,,,,,,,,,,,,,,,,,
1992-01-01,6438.0,668.0,545.0,10.866195970380566,1.6098484848484862,1.8026565464895672,-3.6075036075036038,6.879999999999997,17.6056338028169,27.336448598130847,-5.872193436960272,0.7393715341959428,47.82,122.85,5.71,44.34,8.043380027112512,0.3989082511022479,13.532763532763536,10.965585764610243,5.053873781426366,5.94170403587444,13.518886679920472,-3.5472972972972916,-2.0583190394511175,18.1769722814499,-3.5457907330867844,5.873925501432664,,,,,,,,,,,,,,,,,,,,,
1992-02-01,5451.0,580.0,494.0,1.0754681995178927,-15.278209511967667,-14.748201438848918,-15.820029027576199,-2.0270270270270285,-6.90208667736758,26.992287917737777,-1.397205588822359,-3.32681017612525,39.13,91.93,4.44,33.54,7.736784140969166,-17.377533783783782,-11.889214140959226,0.9886850488849852,-22.113022113022108,-23.82333443818363,7.506053268765145,-24.99999999999999,-24.873096446700504,14.745124871707137,-27.606302611698684,-21.138020221020458,,,,,,,,,,,,,,,,,,,,,
1992-03-01,6795.0,719.0,569.0,5.923616523772401,6.521398338297546,7.600950118764849,1.9858156028368823,14.856230031948892,12.519561815336466,32.94392523364487,9.845559845559837,3.4545454545454435,48.63,116.09,5.95,43.55,9.109266322638554,0.7040795195692784,8.79194630872484,3.5685609777857064,-7.379926599648956,1.3090147482328396,9.375,-0.6677796327211993,3.4782608695652195,13.381931788596724,-9.27083333333334,-1.537418042052907,,,,,,,,,,,,,,,,,,,,,
1992-04-01,7188.0,804.0,588.0,14.89769820971867,11.649580615097864,13.446969696969703,11.977715877437323,20.359281437125752,28.64,31.25,7.88990825688074,1.5544041450777257,47.81,115.13,5.96,43.32,12.732846026880473,-0.02091175240485077,0.3779130799915986,6.8392724573125285,-6.284086284086287,-1.547802291773559,9.963099630996307,4.378283712784592,0.6756756756756799,10.963114754098369,-2.300405953991891,-5.764629105938656,,,,,,,,,,,,,,,,,,,,,
1992-05-01,6936.0,702.0,544.0,6.055045871559628,27.242707760044027,7.802300279763763,2.7818448023426035,21.034482758620697,18.581081081081074,17.24137931034482,10.121457489878537,8.582834331337331,47.12,115.67,6.04,45.68,7.212741751990892,20.419115767952967,-0.5067567567567655,0.5214217432867096,25.8239965190906,-1.999491654664065,3.958691910499157,36.03603603603602,2.0270270270270396,12.125675012272952,36.19558735837807,-1.4029786315562287,,,,,,,,,,,,,,,,,,,,,
1992-06-01,6771.0,673.0,554.0,6.462264150943398,-0.35320088300220265,6.145163818780364,7.507987220447276,-6.397774687065372,7.507987220447276,10.358565737051784,-2.6362038664323406,6.949806949806958,44.17,111.0,6.01,45.7,5.191712312455343,-9.171293440263216,-8.531787119486435,0.05408328826392861,-4.384529244551649,-11.44088080421255,6.560283687943258,1.0084033613445342,0.33388981636059967,15.404040404040398,4.936854190585538,-4.791666666666661,,,,,,,,,,,,,,,,,,,,,
1992-07-01,6802.0,718.0,541.0,7.558507273877302,-5.370061213133004,5.653929791860834,26.408450704225352,-10.696517412935325,7.4850299401197695,0.0,-7.993197278911568,-0.7339449541284404,44.63,116.79,6.06,46.03,5.959164292497632,-6.651328174022176,-6.670849017147629,0.7157640565712331,1.4418483453487507,-4.932844932844926,3.9451114922812947,1.6778523489932917,6.129597197898429,9.909264565425024,6.255771006463529,3.8114569237708507,,,,,,,,,,,,,,,,,,,,,
1992-08-01,6625.0,685.0,531.0,3.612761964341571,-4.483852364475204,21.53733259952302,9.95184590690208,-2.4216524216524205,18.10344827586208,3.9138943248532287,-2.389705882352944,7.489878542510131,45.63,115.8,5.72,45.9,2.747129024994388,-3.1621392190152697,16.61129568106312,-4.043752071594309,0.11238869196852352,25.965408462960937,-3.2148900169204797,-5.298013245033117,28.8288288288288,7.923818481072176,0.48161120840630733,36.8515205724508,,,,,,,,,,,,,,,,,,,,,
1992-09-01,6784.0,686.0,526.0,7.426761678543148,0.1919952739624975,-0.16188373804267853,7.355242566510167,1.9316493313521477,-4.589707927677333,-4.363636363636358,-5.054151624548742,-7.557117750439368,43.84,108.93,5.68,43.83,-1.9239373601789733,-0.7471134254018574,-9.849886901089855,-4.93934898333187,-1.864864864864857,-6.167628564045136,-1.2173913043478257,-5.490848585690522,-4.537815126050426,-0.9043635541487682,-4.091903719912482,0.6429391504018334,,,,,,,,,,,,,,,,,,,,,
1992-10-01,7147.0,736.0,522.0,12.799873737373746,5.072037635989424,-0.5703951029493615,17.759999999999998,2.506963788300842,-8.457711442786064,-9.84455958549223,-3.512014787430684,-11.22448979591837,45.76,114.06,6.06,45.66,-3.9260969976905424,2.531929195608318,-4.28780589834763,-2.4628014366341655,-2.33752889802209,-0.9293841744115294,2.3648648648648685,0.0,1.6778523489932917,-0.6743528388079234,-0.8038235933087168,5.401662049861478,,,,,,,,,,,,,,,,,,,,,
1992-11-01,7046.0,698.0,585.0,9.511967671743871,6.35471698113208,1.585928489042665,17.905405405405396,1.897810218978102,-0.5698005698005715,16.766467065868262,10.169491525423723,7.5367647058823595,45.19,109.2,5.92,45.28,-4.58192567567568,-0.9642778873548252,-4.095925297113756,-7.481148860459208,-5.699481865284972,-5.593498746433823,0.0,3.4965034965035002,-1.9867549668874163,-2.2663500971292883,-1.350762527233107,-0.8756567425569184,,,,,,,,,,,,,,,,,,,,,
1992-12-01,6935.0,721.0,602.0,8.716099702147662,2.2258254716981174,2.422094225372917,15.175718849840258,5.102040816326525,7.1322436849925674,16.216216216216207,14.448669201520904,8.664259927797824,48.29,118.86,6.47,49.03,0.0,10.150547445255453,9.32759791713833,-5.169937769267596,9.115946020380061,7.081081081081075,8.013355592654413,13.90845070422535,7.653910149750409,2.1458333333333357,11.864020077572457,7.286652078774614,,,,,,,,,,,,,,,,,,,,,
1993-01-01,6107.0,705.0,510.0,-5.141348244796518,-14.551560095144811,-10.217583063804758,5.53892215568863,-4.211956521739135,-1.810584958217265,-6.422018348623848,-2.298850574712641,-5.7301293900184795,41.26,97.08,4.73,36.66,-13.718109577582604,-9.833916083916083,-7.550974680708055,-20.97680097680098,-14.886901630720672,-16.87644490110455,-17.162872154115583,-21.94719471947193,-21.94719471947193,-17.320703653585944,-19.710906701708275,-20.356289376493596,,,,,,,,,,,,,,,,,,,,,
1993-02-01,6943.0,741.0,573.0,27.371124564300132,-1.4618223105308026,4.800000000000004,27.758620689655178,6.160458452722062,8.175182481751818,15.991902834008087,-2.051282051282055,7.909604519774005,44.33,104.62,5.85,42.89,13.289036544850497,-1.9030759017481746,-2.8490028490028574,13.803981290112045,-4.19413919413919,-9.654576856649388,31.756756756756733,-1.1824324324324342,2.2727272727272707,27.87716159809184,-5.278268551236753,-6.55773420479302,,,,,,,,,,,,,,,,,,,,,
1993-03-01,7650.0,771.0,739.0,12.58278145695364,10.31002162941601,12.765330188679247,7.232267037552154,6.934812760055475,12.390670553935855,29.87697715289983,22.757475083056477,40.49429657794676,48.24,114.77,6.63,47.15,-0.8019740900678585,-0.103541105819005,10.036496350364965,-1.137048841416144,-3.441023052330472,5.361241164050301,11.428571428571432,2.472952086553315,16.72535211267605,8.266360505166471,-3.834387109932702,7.574720511065491,,,,,,,,,,,,,,,,,,,,,
1993-04-01,7156.0,794.0,600.0,-0.4451864218141366,17.17700998853775,0.125926962361822,-1.243781094527363,12.624113475177312,7.880434782608692,2.0408163265306145,17.647058823529417,14.942528735632177,46.21,109.98,6.47,46.34,-3.3465802133444966,11.997091614154144,0.9833916083916039,-4.473204203943359,13.288009888751562,-3.577064702788002,8.557046979865767,36.786469344608854,6.765676567656764,6.971375807940916,26.404800872885993,1.4892685063513156,,,,,,,,,,,,,,,,,,,,,
1993-05-01,7463.0,850.0,687.0,7.59803921568627,7.489557828028226,5.918251490207216,21.08262108262109,14.70985155195681,21.776504297994272,26.28676470588236,19.895287958115194,17.43589743589744,46.81,111.63,6.44,46.59,-0.6578947368420907,5.594405594405605,3.5848639079442357,-3.4926947350220505,6.700439686484416,2.2252747252747174,6.622516556291402,10.085470085470094,8.783783783783793,1.9921190893170015,8.626719515038484,2.8931095406360408,,,,,,,,,,,,,,,,,,,,,
1993-06-01,6991.0,785.0,701.0,3.249150790134392,-8.614379084967316,0.8074981975486617,16.64190193164934,1.8158236057068677,8.876560332871009,26.534296028880867,-5.142083897158322,16.445182724252483,45.91,105.44,6.47,45.59,3.9393253339370604,-4.830016583747943,-4.928556636984894,-5.009009009009013,-8.129302082425715,-11.290593976106344,7.653910149750409,-2.413273001508298,0.0,-0.24070021881837933,-3.308589607635193,-7.016112584132161,,,,,,,,,,,,,,,,,,,,,
1993-07-01,7140.0,852.0,679.0,4.969126727433104,-0.22358859698154987,16.91501555591943,18.66295264623956,7.304785894206556,20.85106382978723,25.508317929759695,13.16666666666666,33.13725490196078,47.25,113.74,6.6,47.99,5.870490701321973,2.250595109283693,14.517692680562288,-2.611524959328715,3.4188034188034067,17.161104243922544,8.910891089108919,2.0092735703245657,39.53488372093021,4.258092548338044,3.560638757013379,30.905619203491554,,,,,,,,,,,,,,,,,,,,,
1993-08-01,7268.0,918.0,842.0,9.705660377358495,-2.612890258609135,4.68097364251765,34.01459854014599,8.000000000000007,23.886639676113354,58.56873822975517,22.56186317321689,46.945898778359506,47.31,110.65,6.48,46.84,3.6817882971729166,1.0681478316598936,6.722309948116401,-4.447322970639023,-0.8779002060377961,5.763716306633526,13.286713286713292,0.6211180124223503,10.769230769230775,2.0479302832244084,0.536595836016307,9.209605968757284,,,,,,,,,,,,,,,,,,,,,
1993-09-01,6993.0,865.0,714.0,3.0807783018867996,0.028608210556435587,-8.588235294117652,26.093294460641392,10.191082802547768,12.191958495460442,35.74144486692015,1.854493580599148,-3.382949932341006,47.42,108.74,6.72,45.4,8.16605839416058,3.289043781311274,-1.6998341625207303,-0.17442394198109445,3.12974203338392,-5.253986233336239,18.309859154929576,3.863987635239563,1.3574660633484115,3.5820214464978406,-0.41675806097829504,-3.711558854718977,,,,,,,,,,,,,,,,,,,,,
1993-10-01,7418.0,933.0,768.0,3.7918007555617805,3.893557422969196,3.6612632755729457,26.766304347826097,9.507042253521124,17.506297229219147,47.12643678160919,13.107511045655373,28.000000000000004,47.94,109.08,6.63,45.11,4.763986013986021,1.4603174603174507,3.7437784029430876,-4.366123093108898,-4.097063478107965,-0.8183306055646544,9.405940594059414,0.454545454545463,2.472952086553315,-1.2045554095488353,-6.001250260470936,-2.6542943461372537,,,,,,,,,,,,,,,,,,,,,
1993-11-01,7265.0,860.0,829.0,3.1081464660800417,-0.0412768299394628,-2.653088570280049,23.209169054441258,-6.3180827886710205,1.17647058823529,41.70940170940172,-1.5439429928741144,20.669577874818046,47.08,106.89,6.67,45.24,4.182341225934949,-0.4861551469034109,0.5767998290963305,-2.115384615384619,-3.3981021238138287,-4.246170384305293,12.668918918918926,2.9320987654321007,3.5714285714285587,-0.08833922261484162,-3.415883859948765,-2.8976175144880933,,,,,,,,,,,,,,,,,,,,,
1993-12-01,7490.0,987.0,883.0,8.002883922134107,7.1071071071071135,7.137748533829202,36.893203883495154,14.10404624277457,25.732484076433117,46.67774086378738,23.66946778711485,25.962910128388028,51.2,119.58,7.16,49.06,6.026092358666402,7.971320118093628,11.52254410803748,0.6057546693589044,9.968732757035138,13.410470409711683,10.664605873261213,6.547619047619047,10.664605873261213,0.06118702834998491,8.06167400881057,7.611318271550771,,,,,,,,,,,,,,,,,,,,,
1994-01-01,7094.0,875.0,810.0,16.161781562141808,-4.367754111620381,-0.6442577030812302,24.113475177304956,-6.216505894962488,2.699530516431925,58.823529411764696,5.46875,19.293078055964653,48.02,114.87,6.4,44.78,16.383906931652948,0.16687526074261605,1.6296296296296253,18.32509270704574,5.30803080308031,0.9934939335326298,35.30655391120507,-3.4690799396681626,-3.0303030303030165,22.149481723949815,-0.7315451119485616,-6.68889351948323,,,,,,,,,,,,,,,,,,,,,
1994-02-01,6382.0,878.0,667.0,-8.080080656776612,-12.154163799036477,-12.19042377545404,18.48852901484481,2.0930232558139528,-4.357298474945537,16.404886561954623,-19.541616405307604,-20.783847980997628,41.63,90.03,5.26,35.79,-6.090683510038342,-11.576040781648246,-12.005918410484039,-13.945708277575996,-15.7732248105529,-18.63533664708541,-10.085470085470083,-21.139430284857575,-18.827160493827165,-16.553975285614364,-20.888594164456244,-23.59094790777114,,,,,,,,,,,,,,,,,,,,,
1994-03-01,7814.0,884.0,889.0,2.1437908496731994,4.325767690253679,11.740311740311737,14.656290531776905,-10.43566362715299,2.196531791907508,20.297699594046016,0.6795016987542368,24.50980392156863,51.27,116.14,7.31,48.47,6.281094527363185,0.13671875000000888,8.118937157317596,1.1936917312886708,-2.8767352400066892,6.805223468824728,10.256410256410241,2.0949720670391025,8.779761904761907,2.7995758218451794,-1.202609050142689,6.76211453744493,,,,,,,,,,,,,,,,,,,,,
1994-04-01,7802.0,857.0,965.0,9.027389603130231,9.980265012686784,5.176597465624155,7.9345088161209,-2.0571428571428574,-8.145766345123262,60.83333333333334,19.135802469135797,25.651041666666675,49.19,114.6,6.9,48.57,6.448820601601368,2.4364847980008264,2.607425949103037,4.200763775231842,-0.23504831548708527,5.0605060506050625,6.646058732612059,7.8125,4.072398190045257,4.812257229175643,8.463599821348812,7.670139658612274,,,,,,,,,,,,,,,,,,,,,
1994-05-01,7764.0,987.0,849.0,4.033230604314619,21.654653713569406,6.868547832071581,16.117647058823525,12.41457858769932,14.767441860465125,23.580786026200883,27.286356821589198,2.4125452352231624,49.94,112.36,7.22,48.9,6.686605426190972,19.961566178236833,6.074766355140193,0.6539460718444801,24.802843496612237,5.117410421929081,12.111801242236009,37.26235741444868,8.245877061469265,4.958145524790725,36.6303436714166,8.090185676392569,,,,,,,,,,,,,,,,,,,,,
1994-06-01,7747.0,1014.0,842.0,10.813903590330431,-0.8574353724084993,3.4312416555407177,29.171974522292988,14.705882352941169,2.735562310030404,20.114122681883018,-5.286839145106859,-4.643261608154026,50.86,110.57,7.46,48.12,10.781964713570025,-0.7996879266627732,-0.6640625000000067,4.865326251896818,-4.7959359393835115,-7.534704800133807,15.301391035548683,2.0519835841313228,4.189944134078205,5.549462601447663,-0.7220961419434735,-1.9160211985324138,,,,,,,,,,,,,,,,,,,,,
1994-07-01,7802.0,1024.0,816.0,9.271708683473378,0.0,9.980265012686784,20.187793427230048,19.486581096849463,17.02857142857144,20.176730486008832,-15.440414507772015,0.7407407407407307,48.74,111.95,7.1,48.6,3.1534391534391526,-0.9148200853831945,1.499375260308211,-1.57376472656936,-2.3123909249563646,-2.5420040045268544,7.575757575757569,2.898550724637672,10.937499999999979,1.2710981454469694,0.06176652254479276,8.530594015185343,,,,,,,,,,,,,,,,,,,,,
1994-08-01,7698.0,1058.0,851.0,5.916345624656016,-0.8500772797527034,20.620495142588524,15.250544662309373,7.193515704154008,20.501138952164013,1.0688836104512989,0.2355712603062443,27.586206896551737,48.72,113.48,7.18,46.83,2.9803424223208586,-2.4429315178213784,17.030987268796526,2.557614098508809,0.9967960128159481,26.046873264467397,10.80246913580245,-0.5540166204986208,36.50190114068441,-0.02134927412469345,-4.233128834355826,30.84660519698239,,,,,,,,,,,,,,,,,,,,,
1994-09-01,8433.0,1151.0,1064.0,20.59202059202059,8.855040660900993,7.921679037624774,33.0635838150289,13.510848126232734,30.203619909502265,49.01960784313726,26.365795724465556,19.685039370078748,48.86,112.08,7.39,47.8,3.0366933783213756,-3.93236335037358,-4.7006046420909,3.0715468089019815,1.3656507190015432,-3.4957809540210105,9.970238095238093,-0.9383378016085797,1.0943912448700521,5.286343612334798,-0.6650041562759723,-1.3822983288632185,,,,,,,,,,,,,,,,,,,,,
1994-10-01,8412.0,1032.0,1017.0,13.399838231329198,7.818508074852604,7.818508074852604,10.61093247588425,0.78125,20.420070011668614,32.421875,24.63235294117647,5.388601036269436,50.92,110.37,7.39,50.16,6.21610346266166,4.472712351251529,3.5169749949176765,1.182618261826196,-1.4113443501563183,-3.6910994764397853,11.463046757164408,4.084507042253516,7.101449275362315,11.194857016182658,3.2098765432098775,3.273625694873372,,,,,,,,,,,,,,,,,,,,,
1994-11-01,8606.0,1143.0,1007.0,18.458362009635245,11.795271499090676,10.844925296239062,32.90697674418605,8.034026465028354,15.805471124620052,21.471652593486134,18.331374853113978,18.610129564193166,52.72,114.12,7.94,51.74,11.979609175870864,8.210180623973717,5.566680016019232,6.76396295256807,0.5639760310186759,1.5663937344250645,19.040479760119954,10.584958217270213,9.972299168975084,14.367816091954033,10.484732009395703,5.807770961145198,,,,,,,,,,,,,,,,,,,,,
1994-12-01,9034.0,1273.0,1026.0,20.61415220293725,7.126763903711608,16.612882406092687,28.976697061803435,10.599478714161602,25.542406311637087,16.194790486976206,-3.57142857142857,21.852731591448936,52.71,120.42,8.16,51.98,2.9492187500000044,7.879656160458448,3.63743609909557,0.702458605117906,7.441113490364026,8.908383829248457,13.966480446927365,10.419485791610295,9.383378016085796,5.951895637994276,8.744769874476987,8.021612635078966,,,,,,,,,,,,,,,,,,,,,
1995-01-01,7965.0,1106.0,924.0,12.277981392726245,-5.313837375178321,2.089207895411427,26.400000000000002,7.170542635658905,8.0078125,14.074074074074083,-9.144542772861353,13.235294117647056,50.04,113.01,7.23,48.55,4.206580591420228,-1.7282010997643371,2.6672137874435675,-1.6192217289109467,2.3919543354172346,0.9468512728896927,12.968749999999996,-2.1650879566982306,1.8309859154929775,8.418937025457796,-3.209728867623607,-0.10288065843622185,,,,,,,,,,,,,,,,,,,,,
1995-02-01,7616.0,1103.0,1013.0,19.335631463491065,-11.503602138043224,-1.0652117433099462,25.626423690205,-3.4995625546806686,4.253308128544431,51.87406296851573,0.5958291956305928,19.036427732079897,45.06,94.44,6.74,40.62,8.239250540475606,-14.52959028831562,-7.512315270935954,4.898367210929688,-17.245005257623557,-16.778286922805783,28.136882129277584,-15.113350125944592,-6.128133704735372,13.49538977367979,-21.49207576343255,-13.260730301089051,,,,,,,,,,,,,,,,,,,,,
1995-03-01,9915.0,1412.0,1158.0,26.887637573585877,9.75204781934913,17.57381714692281,59.728506787330325,10.919088766692852,22.67593397046046,30.25871766029247,12.865497076023402,8.834586466165417,54.31,119.19,8.92,53.75,5.929393407450756,3.0354771390628033,11.15431846090873,2.6261408644739026,-1.0214250124564006,6.343683083511786,22.02462380300958,9.313725490196067,20.70365358592694,10.893336084175775,3.405155829165074,12.447698744769875,,,,,,,,,,,,,,,,,,,,,
1995-04-01,9248.0,1134.0,972.0,18.533709305306335,16.10797237915882,9.938183547313372,32.32205367561261,2.5316455696202445,9.883720930232553,0.7253886010362587,5.1948051948051965,-4.424778761061942,52.88,109.79,7.97,49.61,7.501524700142315,5.675459632294166,3.849175176747832,-4.197207678883064,-2.84930537120609,-0.525505119144698,15.50724637681158,10.235131396957108,7.8484438430311165,2.1412394482190678,2.183316168898042,-1.0964912280701733,,,,,,,,,,,,,,,,,,,,,
1995-05-01,9962.0,1330.0,1232.0,28.3101494075219,30.80357142857142,15.756448989077398,34.75177304964539,20.580235720761554,16.36045494313212,45.11189634864547,21.61895360315893,22.343594836146963,54.47,116.05,8.69,54.01,9.070885062074495,20.88326675543719,3.319423368740515,3.2840868636525355,22.882253282507413,1.6912022432527207,20.360110803324094,28.931750741839757,9.445843828715361,10.449897750511239,32.96405711472181,4.387321221492058,,,,,,,,,,,,,,,,,,,,,
1995-06-01,8991.0,1270.0,1165.0,16.057828836969158,-9.319213313161878,-0.47597963249944586,25.246548323471394,-10.056657223796039,-0.23566378633149698,38.36104513064134,0.6044905008635526,13.547758284600398,51.76,109.3,8.54,51.08,1.7695635076681038,-4.695267906462908,-1.8023145513185401,-1.1485936510807648,-8.297675979528485,-9.234346454077402,14.477211796246635,-4.260089686098667,4.656862745098023,6.151288445552794,-4.967441860465116,-1.731435167372064,,,,,,,,,,,,,,,,,,,,,
1995-07-01,9601.0,1341.0,1242.0,23.05819020763906,3.81704152249136,20.53986189579411,30.95703125,18.253968253968257,21.24773960216999,52.20588235294117,27.777777777777768,34.41558441558441,50.3,109.83,8.29,51.13,3.20065654493229,-4.878971255673237,0.5195843325339622,-1.8937025457793744,0.03643319063666439,-2.8139102734271337,16.76056338028169,4.015056461731481,14.661134163208844,5.205761316872426,3.0638984075791242,5.314109165808456,,,,,,,,,,,,,,,,,,,,,
1995-08-01,10093.0,1512.0,1310.0,31.11197713691869,1.314996988556505,32.523634453781504,42.91115311909264,13.684210526315788,37.08068902991841,53.93654524089306,6.331168831168821,29.31885488647581,51.04,112.03,8.53,50.08,4.761904761904767,-6.297044244538275,13.271193963604077,-1.2777581952767014,-3.464024127531229,18.625582380347304,18.802228412256273,-1.8411967779056404,26.55786350148366,6.939995729233406,-7.276430290686909,23.28902018709995,,,,,,,,,,,,,,,,,,,,,
1995-09-01,9816.0,1532.0,1353.0,16.399857701885455,9.175842509175848,-0.9984871406959139,33.101650738488274,20.62992125984251,8.498583569405094,27.161654135338352,16.137339055793998,16.83937823834196,49.29,106.2,8.53,49.91,0.8800654932460183,-4.772024729520863,-9.243233290370101,-5.246252676659524,-2.836230558096975,-10.898565315882202,15.426251691474956,-0.11709601873536313,-4.372197309417047,4.4142259414226,-2.2905246671887314,-7.144186046511636,,,,,,,,,,,,,,,,,,,,,
1995-10-01,9866.0,1531.0,1405.0,17.28483119353306,2.7601291532131977,6.6825259515570945,48.35271317829457,14.168530947054435,35.008818342151685,38.15142576204522,13.12399355877616,44.54732510288066,48.78,108.26,8.4,48.75,-4.202670856245094,-3.0218687872763383,-7.753403933434189,-1.9117513817160425,-1.4294819266138514,-1.393569541852624,13.66711772665765,1.326899879372756,5.395232120451698,-2.8110047846889863,-4.654801486407201,-1.7335214674460753,,,,,,,,,,,,,,,,,,,,,
1995-11-01,10460.0,1525.0,1819.0,21.543109458517318,3.6361834935103587,4.9989961855049225,33.42082239720035,0.8597883597883493,14.661654135338352,80.63555114200595,38.85496183206107,47.64610389610389,50.76,110.0,8.61,49.4,-3.717754172989385,-0.5485893416927956,-6.811088672663857,-3.6102348405187557,-1.8120146389359992,-5.213270142180093,8.438287153652379,0.9378663540445586,-0.9205983889528202,-4.522613065326642,-1.3578274760383424,-8.535456396963525,,,,,,,,,,,,,,,,,,,,,
1995-12-01,10018.0,1513.0,1655.0,10.892185078591975,2.057864710676438,11.422533644755873,18.853102906520025,-1.2402088772845987,19.13385826771654,61.30604288499026,22.32076866223207,42.06008583690988,52.73,112.56,8.58,48.73,0.037943464238288094,6.979103266382625,1.874034003091185,-6.527154957648229,5.988700564971761,2.982616651418124,5.147058823529416,0.5861664712778492,0.4683840749414525,-6.2524047710658,-2.3642556601883413,-4.600626468285041,,,,,,,,,,,,,,,,,,,,,
1996-01-01,9675.0,1517.0,1531.0,21.46892655367232,-1.935941617676873,0.7707530465576484,37.16094032549728,-0.9144350097975207,13.124533929903048,65.6926406926407,8.967971530249109,23.268921095008043,53.19,111.57,8.31,49.36,6.294964028776984,9.040590405904059,5.745526838966208,-1.2742235200424834,3.0574542767411783,1.584266593826822,14.937759336099576,-1.0714285714285676,0.24125452352232735,1.6683831101956814,1.2512820512820433,-3.461764130647371,,,,,,,,,,,,,,,,,,,,,
1996-02-01,8847.0,1371.0,1435.0,16.163340336134446,-15.420650095602294,-12.345189735460217,24.297370806890296,-10.098360655737704,-9.325396825396826,41.65844027640671,-21.11050027487631,9.541984732824439,45.11,92.5,6.99,40.28,0.11096316023080366,-11.130811662726558,-11.618338557993734,-2.054214315967806,-15.909090909090907,-17.43283049183254,3.70919881305638,-18.81533101045295,-18.053927315357555,-0.8370260955194442,-18.461538461538453,-19.56869009584664,,,,,,,,,,,,,,,,,,,,,
1996-03-01,9919.0,1470.0,1454.0,0.04034291477559293,-0.988221201836692,1.049307253463727,4.107648725212454,-2.8420356906807664,-4.046997389033946,25.561312607944743,-12.145015105740187,7.464892830746495,51.18,107.89,8.67,50.44,-5.763211194991724,-2.9395031291484908,3.834449178332311,-9.48066112928937,-4.148898365316278,1.5913370998116738,-2.802690582959644,1.0489510489510412,1.6412661195779776,-6.158139534883722,3.509131951569877,1.0619114405930663,,,,,,,,,,,,,,,,,,,,,
1996-04-01,9904.0,1355.0,1318.0,7.093425605536341,2.366925064599479,0.3851611595378168,19.48853615520283,-10.678971654581416,-11.495754408883085,35.59670781893005,-13.91247550620509,-6.192170818505338,52.31,107.35,8.43,51.34,-1.0779122541603625,-1.654446324497072,7.236572365723659,-2.222424628836883,-3.7823787756565364,-0.8405690005542366,5.771643663739012,1.4440433212996373,0.3571428571428559,3.4872001612578085,4.011345218800666,5.312820512820515,,,,,,,,,,,,,,,,,,,,,
1996-05-01,10019.0,1345.0,1523.0,0.5721742621963566,13.247428506838466,-4.216061185468456,1.1278195488721776,-1.8964259664478456,-11.803278688524587,23.62012987012987,6.132404181184659,-16.272677295217154,53.82,110.95,8.83,53.29,-1.1933174224343701,19.308357348703176,6.028368794326244,-4.394657475226193,19.945945945945944,0.8636363636363553,1.6110471806674465,26.32331902718168,2.5551684088269466,-1.3330864654693575,32.298907646474674,7.874493927125514,,,,,,,,,,,,,,,,,,,,,
1996-06-01,9771.0,1289.0,1624.0,8.675342008675347,-1.4920858957556238,-2.465561988420839,1.4960629921259905,-12.312925170068024,-14.80502313284865,39.39914163090128,11.691884456671243,-1.8731117824773436,52.05,105.48,8.52,51.0,0.5602782071097323,1.6998827667057403,-1.2895884695619197,-3.494967978042085,-2.233756603948467,-6.289978678038377,-0.23419203747072626,-1.730103806228378,-0.6993006993007089,-0.1566170712607673,1.1102299762093537,4.658321362610307,,,,,,,,,,,,,,,,,,,,,
1996-07-01,9772.0,1351.0,1430.0,1.7810644724507885,-1.3327948303715642,1.0025839793281754,0.7457121551081247,-0.2952029520295163,-10.942649967040207,15.136876006441224,8.497723823975711,-6.596995427824948,53.82,110.3,8.54,50.92,6.998011928429437,2.886637354234378,1.1844331641285955,0.4279340799417275,2.7480204937121666,-1.1382988258492377,3.0156815440289586,1.3048635824436383,2.767749699157629,-0.4107177782123994,-0.8180755746007073,3.1604538087520284,,,,,,,,,,,,,,,,,,,,,
1996-08-01,10094.0,1434.0,1502.0,0.00990785693053553,0.748577702365516,14.095173505142977,-5.158730158730163,6.617100371747209,4.59518599562363,14.656488549618318,-1.3788575180564644,4.668989547038338,54.26,112.9,8.41,52.07,6.308777429467072,0.8175399479747325,20.28375083130125,0.7765777024011378,1.7575484452456047,22.05405405405405,-1.4067995310668158,-4.756511891279724,20.314735336194566,3.9736421725239612,-2.2893601050853807,29.270109235352535,,,,,,,,,,,,,,,,,,,,,
1996-09-01,10513.0,1507.0,1739.0,7.100651996740015,7.593900317265367,5.988506905938107,-1.6318537859007831,16.912335143522107,2.517006802721089,28.52919438285293,7.081280788177335,19.60110041265475,52.72,107.73,8.73,48.83,6.958815175491995,1.2872238232468858,3.008987885892922,1.4406779661017,2.1331058020477744,-0.14829919362313593,2.3446658851113744,2.464788732394374,0.6920415224913601,-2.163895011019834,-4.254901960784318,-3.191911181601903,,,,,,,,,,,,,,,,,,,,,
1996-10-01,10301.0,1399.0,1623.0,4.409081694709105,5.413426115431852,4.008481421647825,-8.621815806662314,3.55292376017764,3.2472324723247237,15.516014234875453,13.496503496503486,23.14112291350532,55.74,108.78,9.47,50.44,14.26814268142682,3.5674470457079277,6.55706365895623,0.4803251431738431,-1.3780598368086983,1.3320912901723325,12.738095238095237,10.889929742388782,12.336892052194548,3.4666666666666623,-0.9426551453260101,-1.7530190884300856,,,,,,,,,,,,,,,,,,,,,
1996-11-01,10028.0,1448.0,1469.0,-4.130019120458894,-0.6538537745195194,0.08982932428385215,-5.049180327868852,0.9762900976290068,7.657992565055771,-19.241341396371638,-2.1970705725699036,-3.5456336178594894,56.02,108.85,9.7,52.97,10.362490149724213,3.243641725027646,4.0876997398736625,-1.0454545454545494,-3.587245349867152,-1.8927444794952786,12.659698025551691,15.338882282996424,9.852774631936567,7.226720647773277,1.7284424812751942,-0.6004878964158356,,,,,,,,,,,,,,,,,,,,,
1996-12-01,10113.0,1516.0,1502.0,0.9482930724695526,-3.804813088557024,3.5001535155050556,0.198281559814939,0.5972130059721303,17.610550814584958,-9.244712990936554,-13.628522139160438,-7.512315270935965,57.59,112.08,9.88,57.35,9.216764650104325,9.23748103186648,10.643611911623442,-0.4264392324093813,4.037872458925085,6.2571103526734895,15.15151515151516,13.172966781214202,15.962441314553999,17.689308434229446,17.448289985664566,12.450980392156863,,,,,,,,,,,,,,,,,,,,,
1997-01-01,9872.0,1370.0,1449.0,2.0361757105943123,-4.164644209300072,1.023331968890706,-9.690177982860915,-2.0729092208720545,1.4063656550703074,-5.355976485956893,-10.720887245841038,1.328671328671338,56.65,113.96,8.73,53.99,6.504982139499904,1.6325798349479559,5.25826830174656,2.1421529084879376,4.761904761904745,3.3182230281051606,5.054151624548742,-7.814149947201687,2.2248243559719105,9.380064829821722,7.038065027755769,6.02906520031421,,,,,,,,,,,,,,,,,,,,,
1997-02-01,8696.0,1292.0,1359.0,-1.7067932632530813,-13.282808137215795,-13.849811769367937,-5.762217359591537,-10.773480662983426,-9.902370990237097,-5.296167247386762,-7.488087134104838,-9.520639147802934,47.06,88.2,7.22,41.01,4.3227665706051965,-15.994287754373438,-13.269443420567628,-4.648648648648646,-18.971061093247577,-21.877767936226753,3.290414878397696,-25.56701030927835,-14.149821640903692,1.8123138033763642,-22.578818198980557,-21.240637603226432,,,,,,,,,,,,,,,,,,,,,
1997-03-01,10472.0,1500.0,1668.0,5.575158786167966,3.5498862849797197,-0.38999334157709953,2.0408163265306145,-1.055408970976257,-0.4644990046449915,14.71801925722145,11.051930758988027,-4.082806210465783,57.97,114.02,9.82,56.04,13.266901133255171,0.659836777218259,9.958270106221544,5.681712855686349,1.7309064953604514,5.838670750951436,13.264129181084193,-0.6072874493927127,12.485681557846506,11.102299762093581,-2.2842197035745415,14.765513004300646,,,,,,,,,,,,,,,,,,,,,
1997-04-01,10491.0,1470.0,1717.0,5.926898222940236,6.270259319286864,1.844481118338015,8.487084870848705,7.299270072992692,5.075053609721225,30.273141122913504,18.495514147688063,5.791743684534811,56.2,106.61,9.36,55.55,7.436436627795828,-0.7943512797881636,0.8252601363473389,-0.6893339543549093,-6.449631449631443,-1.9948519948519983,11.032028469750887,7.216494845360821,-1.1615628299894487,8.200233735878438,2.889423967401372,10.130848532910397,,,,,,,,,,,,,,,,,,,,,
1997-05-01,10444.0,1474.0,1653.0,4.241940313404524,20.10119595216191,4.148384523334658,9.591078066914505,14.086687306501556,1.7955801104972302,8.535784635587662,21.63355408388521,12.525527569775363,57.65,110.92,9.63,58.24,7.1163136380527625,22.503187420314475,2.909675116029975,-0.02703920684993255,25.759637188208618,1.9016995865870578,9.06002265005663,33.37950138504158,-0.7216494845360688,9.288797147682493,42.01414289197758,9.949027751557482,,,,,,,,,,,,,,,,,,,,,
1997-06-01,10359.0,1716.0,1775.0,6.017807798587649,-1.079067990832694,2.4325126075348535,33.12645461598138,14.399999999999991,13.192612137203174,9.298029556650246,6.414868105515592,18.175765645805587,53.95,104.02,9.42,55.22,3.6503362151777186,-6.934621355873716,-6.320541760722353,-1.3841486537732317,-8.770391159445712,-7.191291934332622,10.563380281690149,-4.073319755600813,-4.655870445344135,8.274509803921571,-1.4632405424696682,-3.7140366172624284,,,,,,,,,,,,,,,,,,,,,
1997-07-01,10470.0,1748.0,1665.0,7.14285714285714,-0.20017157563625432,6.057536466774716,29.38564026646928,18.911564625850332,27.591240875912405,16.433566433566437,-3.028538147932436,14.906832298136653,56.76,108.88,9.79,56.17,5.462653288740249,0.9964412811387824,0.1941747572815622,-1.2873980054397105,2.1292561673389,-4.457704457704459,14.637002341920379,4.5940170940171,12.142038946162636,10.31029065200315,1.1161116111611191,4.037784774958331,,,,,,,,,,,,,,,,,,,,,
1997-08-01,10200.0,1715.0,1654.0,1.0501287893798228,-2.336269628494825,17.295308187672486,19.595536959553694,16.350067842605153,32.73993808049536,10.119840213049258,0.0604960677555999,21.70713760117733,55.29,109.52,9.79,55.2,1.898267600442316,-4.093668690372942,17.488312792180196,-2.9937998228520946,-1.2621709340065013,24.17233560090701,16.409036860879887,1.6614745586708057,35.595567867035996,6.011138851546005,-5.219780219780223,34.601316752011726,,,,,,,,,,,,,,,,,,,,,
1997-09-01,10896.0,1860.0,1907.0,3.6431085322933487,5.183898059658265,4.048892284186412,23.42402123424021,8.391608391608397,24.0,9.66072455434157,7.436619718309867,14.32853717026379,54.43,105.08,10.45,54.88,3.243550834597886,0.8897126969416025,-6.1066068656201455,-2.459853337046325,1.0190348009998074,-7.840729696544468,19.70217640320733,10.934182590233533,6.4154786150712795,12.389924226909699,-0.6157189424121579,-2.0699500356887834,,,,,,,,,,,,,,,,,,,,,
1997-10-01,11019.0,1880.0,1978.0,6.970197068245798,5.24355300859598,5.032885330283099,34.38170121515367,7.551487414187652,27.891156462585045,21.87307455329637,18.7987987987988,15.200931857891664,56.68,108.66,11.37,60.12,1.6864011481880103,-0.1409443269908328,0.8540925266903754,-0.11031439602868787,-0.20205731080088496,1.922896538786234,20.06335797254486,16.138917262512777,21.474358974358964,19.191118160190324,7.032223606907584,8.22682268226822,,,,,,,,,,,,,,,,,,,,,
1997-11-01,10299.0,1787.0,1820.0,2.702433187076192,0.9705882352941231,-1.3883569513596372,23.41160220994476,4.198250728862973,21.23473541383989,23.893805309734507,10.036275695284157,10.102843315184519,54.94,104.42,11.22,57.96,-1.9278828989646613,-0.633025863628145,-4.700780572419772,-4.069820854386763,-4.656683710737763,-5.860079336458712,15.670103092783517,14.606741573033721,16.510903426791266,9.42042665659808,5.000000000000004,-0.48076923076922906,,,,,,,,,,,,,,,,,,,,,
1997-12-01,10582.0,1797.0,1764.0,4.637595174527842,-2.881791483113072,2.1527174437687036,18.53562005277045,-3.387096774193543,4.72027972027973,17.443408788282298,-7.49868904037756,-0.6197183098591519,58.68,112.1,11.9,63.02,1.8926897030734358,7.808194010655889,8.767377201112136,0.017844396859389988,6.680624286258086,7.767736973658912,20.445344129554655,13.87559808612442,26.326963906581735,9.886660854402795,14.832361516034975,14.125316914161544,,,,,,,,,,,,,,,,,,,,,
1998-01-01,8460.0,1369.0,1616.0,-14.303079416531606,-23.223523005717396,-19.19770773638968,-0.07299270072992359,-27.18085106382979,-21.681922196796343,11.525189786059343,-18.301314459049543,-2.942942942942939,52.15,98.19,8.85,49.16,-7.943512797881736,-7.992237120677492,-8.121916842847076,-13.838188838188836,-9.635560463832139,-9.818148420279204,1.3745704467353903,-22.16358839050132,-9.601634320735442,-8.946101129838869,-18.230206254158354,-12.47997151504363,,,,,,,,,,,,,,,,,,,,,
1998-02-01,9621.0,1564.0,1724.0,10.637074517019318,-6.583163413923687,-5.6764705882352935,21.052631578947366,-12.479015109121427,-8.804664723032074,26.857983811626184,-5.274725274725278,4.232164449818621,51.44,96.32,10.11,50.46,9.307267318317036,-6.370586093920638,-6.963284499909572,9.206349206349195,-7.75713464853477,-12.052593133674216,40.02770083102494,-9.893048128342253,3.2686414708886558,23.043160204828105,-12.939958592132506,-8.58695652173913,,,,,,,,,,,,,,,,,,,,,
1998-03-01,10186.0,1604.0,1730.0,-2.7310924369747913,-3.7422037422037424,-6.516152716593249,6.933333333333325,-10.740122426265996,-13.76344086021506,3.7170263788968816,-1.9274376417233507,-9.281594126900893,57.44,107.83,11.29,58.21,-0.9142659996549951,-2.113156100886171,5.53003858166452,-5.428872127696893,-3.809099018733275,2.6170536733917116,14.969450101832994,-5.126050420168083,8.038277511961711,3.872234118486806,-7.632497619803235,6.067784256559761,,,,,,,,,,,,,,,,,,,,,
1998-04-01,10011.0,1491.0,1681.0,-4.575350300257364,18.333333333333336,-9.147835556765582,1.4285714285714235,8.911614317019723,-20.691489361702132,-2.096680256260919,4.02227722772277,-15.015166835187054,56.97,108.51,10.59,57.7,1.3701067615658369,9.242569511025888,0.5116443189837616,1.782196792045787,10.51023525817294,-0.1380452788514508,13.141025641025639,19.661016949152543,-6.860158311345643,3.870387038703882,17.37184703010579,-4.025282767797734,,,,,,,,,,,,,,,,,,,,,
1998-05-01,10042.0,1447.0,1703.0,-3.8490999617004973,4.375844506808013,-2.495387901738033,-1.831750339213023,-7.480818414322254,-19.026301063234474,3.0248033877797953,-1.2180974477958184,-6.428571428571428,56.56,105.67,10.53,56.84,-1.89071986123156,9.953343701399708,2.948671277757553,-4.733141002524343,9.707225913621276,1.197088680329439,9.345794392523343,4.154302670623156,-6.149732620320869,-2.4038461538461564,12.643678160919535,-1.9323671497584516,,,,,,,,,,,,,,,,,,,,,
1998-06-01,10118.0,1507.0,1832.0,-2.3264793899025027,-0.6675829569998015,-4.3848043848043865,-12.17948717948718,-6.047381546134667,-16.138007790762376,3.211267605633794,5.895953757225425,3.8548752834467015,55.03,105.19,10.96,56.42,2.0018535681186167,-4.19568245125348,-6.220177232447166,1.1247836954431767,-2.448298247241032,-6.164139161462979,16.34819532908707,-2.9229406554472814,-7.89915966386554,2.173125679101773,-3.0750730115100433,-10.472865756902571,,,,,,,,,,,,,,,,,,,,,
1998-07-01,9924.0,1473.0,1663.0,-5.214899713467047,-0.8690440515432996,17.304964539007095,-15.732265446224257,-1.2072434607645843,7.596785975164355,-0.12012012012011519,-1.070791195716836,2.9084158415841666,54.59,109.12,10.84,57.06,-3.823114869626487,-4.177637352992791,4.678811121764159,0.22042615723734116,0.5621601695696254,11.131479784092079,10.725229826353422,2.3607176581680767,22.4858757062147,1.5844756987715813,-1.109185441941074,16.069975589910502,,,,,,,,,,,,,,,,,,,,,
1998-08-01,9978.0,1552.0,1690.0,-2.176470588235291,-0.637323242381993,3.710632990333651,-9.504373177842563,7.256392536281964,-0.7672634271099765,2.1765417170495738,-0.7633587786259555,-1.9721577726218076,55.41,108.18,10.93,54.76,0.21703743895822303,-2.033239038189538,7.717729393468109,-1.2235208181153978,2.375319390555508,12.313122923588061,11.644535240040854,3.7986704653371284,8.11078140454995,-0.7971014492753725,-3.6593947923997283,8.521601268331347,,,,,,,,,,,,,,,,,,,,,
1998-09-01,10376.0,1769.0,1998.0,-4.7723935389133665,2.5499110496145505,1.865305321028865,-4.892473118279572,17.385534173855334,10.28678304239401,4.771893025694807,9.06113537117903,15.49132947976879,57.26,104.22,11.9,55.09,5.19933860003674,4.052335089950931,-0.3133704735375997,-0.8184240578606783,-0.9221408879171,-3.347862375962163,13.87559808612442,8.576642335766426,5.403011514614708,0.3826530612244916,-2.3573200992555776,-5.35990379659852,,,,,,,,,,,,,,,,,,,,,
1998-10-01,10380.0,1614.0,2004.0,-5.7990743261639,4.594921402660224,3.685945459994011,-14.148936170212767,9.572301425661923,8.249496981891348,1.3144590495449915,20.505111244738416,19.21475312314098,58.27,102.68,12.47,56.27,2.8052223006351573,6.741161384869021,2.281902755836418,-5.503405116878324,-5.901759530791784,-5.372776702608051,9.674582233948993,15.036900369003693,17.752596789424004,-6.403858948769114,-1.384507535927093,-2.4783362218370852,,,,,,,,,,,,,,,,,,,,,
1998-11-01,9749.0,1600.0,1912.0,-5.340324303330424,-2.2950491080376834,-2.9177454690300753,-10.46446558477896,3.092783505154628,10.573600552868001,5.054945054945059,13.136094674556208,12.27246036406342,57.14,101.82,12.58,55.7,4.004368401892977,3.122180111893158,1.0254596888260137,-2.4899444550852357,-5.879090404880771,-3.6434181887006756,12.12121212121211,15.096065873741992,19.468186134852814,-3.899240855762587,1.716581446311194,-2.0056298381421533,,,,,,,,,,,,,,,,,,,,,
1998-12-01,9992.0,1654.0,1909.0,-5.575505575505579,-3.7008481110254454,-1.2453053963233818,-7.957707289927662,-6.500847936687393,9.754479097544788,8.219954648526073,-4.45445445445446,4.203056768558944,58.05,108.06,12.23,59.45,-1.0736196319018454,1.379671673070204,5.487915682355071,-3.6039250669045453,3.684513529073108,2.72839623538359,2.773109243697469,2.773109243697469,11.587591240875916,-5.664868295779113,7.914322018515163,5.370436015597302,,,,,,,,,,,,,,,,,,,,,
1999-01-01,9806.0,1590.0,1767.0,15.910165484633577,-5.5298651252408515,-1.1890366787585704,16.143170197224244,-1.486988847583648,7.942973523421593,9.344059405940586,-11.826347305389218,6.253758268190013,55.18,110.3,11.34,56.81,5.810162991371048,-5.302900291745328,1.0807840263784563,12.333231489968433,7.421114141020646,1.081378299120228,28.135593220338983,-9.061748195669617,4.612546125461248,15.561432058584224,0.9596587879864948,-0.4381352961794649,,,,,,,,,,5998.32,,,,,,,,,,,0.0
1999-02-01,8659.0,1499.0,1686.0,-9.998960607005515,-11.180633911170379,-13.219081980356783,-4.15601023017903,-6.312499999999998,-3.4149484536082464,-2.2041763341067333,-11.820083682008365,-0.2366863905325478,47.81,86.06,9.7,44.8,-7.05676516329704,-16.328316415820787,-13.715935751669361,-10.651993355481714,-15.478295030445876,-20.44740247735256,-4.055390702274975,-22.893481717011134,-11.253430924062213,-11.216805390408247,-19.56912028725315,-18.18845872899927,,,,,,,,,,6318.52,5.338161351845194,,,,,,,,,,0.0
1999-03-01,10553.0,1706.0,1875.0,3.6029844885136386,5.614491593274629,1.7058596761757805,6.3591022443890255,3.1438935912938337,-3.561334087054835,8.381502890173408,-1.7810371922472479,-6.156156156156156,60.14,108.55,13.11,60.03,4.700557103064074,3.600344530577093,5.0296891372686,0.6677177037930138,0.45345178604478953,4.1546728075225525,16.120460584588137,7.195421095666377,10.168067226890741,3.1266105480157957,0.9756097560975618,8.967144672354333,,,,,,,,,,6881.72,8.913479738926199,,,,6399.52,,,7.534940120509037,,,0.0
1999-04-01,10558.0,1732.0,1704.0,5.463989611427422,7.668774219865382,1.7148362235067438,16.163648558014753,8.930817610062892,7.311028500619576,1.3682331945270576,-3.5653650254668934,-14.970059880239518,62.23,108.6,12.43,59.64,9.232929612076536,12.7763682493657,6.7959498884503144,0.08294166436271233,-1.5412511332728918,5.765485001947779,17.374881964117094,9.611992945326286,-0.3207698476343279,3.362218370883885,4.981517338496744,5.988981695397189,,,,,,,,,,7371.17,7.112320757020041,22.887241761026434,,,6857.136666666666,,,7.496326211961168,,,0.0
1999-05-01,10355.0,1699.0,1785.0,3.116908982274458,19.58655733918466,6.2160221561185836,17.415342087076713,13.342228152101399,6.18749999999999,4.815032295948329,5.87188612099645,-6.642259414225937,64.33,105.9,12.7,59.75,13.737623762376238,34.553440702781835,12.58312915645783,0.21765874893537873,23.053683476644203,4.007071302298182,20.607787274453937,30.927835051546392,0.9538950715421324,5.119634060520761,33.37053571428572,7.271095152603224,,,,,,,,,,7316.57,-0.7407236571670528,15.795629356241637,,,7189.82,,,1.7629092244312083,,,-0.7407236571670528
1999-06-01,10502.0,1761.0,1996.0,3.7952164459379434,-0.48327489813323465,5.104083266613291,16.854678168546776,3.223915592028126,6.469165659008458,8.951965065502176,6.453333333333333,4.557359874279721,59.36,107.38,13.21,58.28,7.868435398873341,-1.296973727968076,2.2566752799310974,2.0819469531324186,-1.0778443113772518,-0.6292800296131884,20.529197080291972,0.76277650648362,8.013082583810306,3.296703296703285,-2.915209062135604,-1.9680403700588767,,,,,,,,,,8467.37,15.728681609005335,23.041478002592374,,,7718.37,7058.945,,9.704121466060855,19.95234415341105,,0.0
1999-07-01,10895.0,1809.0,1941.0,9.784361144699716,3.1918924038643715,11.10544564552316,22.81059063136457,4.445727482678974,13.773584905660385,16.716776909200238,13.90845070422535,9.847198641765708,60.01,107.83,12.95,59.43,9.928558344019045,-3.5674112164550853,8.753171438927154,-1.1821847507331396,-0.709023941068132,-2.2393472348141374,19.46494464944648,4.183427192276756,14.197530864197528,4.153522607781279,-0.35211267605633756,4.611864108431618,,,,,,,,,,7326.75,-13.470770735186965,-0.6026180375707013,22.14670107630137,,7703.563333333334,7280.350000000001,,-4.891416050321318,0.637331996401258,,-13.470770735186965
1999-08-01,10951.0,1967.0,2039.0,9.751453197033477,5.755673587638821,26.469569234322666,26.739690721649477,15.773984696880516,31.220813875917287,20.650887573964493,14.229691876750694,20.937129300118617,60.92,108.24,13.31,56.18,9.944053419960298,-5.300792787191044,27.4210416230914,0.05546311702717688,2.2096317280453137,25.772716709272594,21.77493138151876,4.803149606299217,37.21649484536085,2.593133674214765,-5.974895397489544,25.40178571428573,,,,,,,,,,8157.73,11.34172723240181,11.4966439192135,29.108240537341,,7983.950000000001,7586.884999999999,,2.1766168375302763,7.524102447842562,,-3.6568615756722767
1999-09-01,10739.0,1950.0,2064.0,3.4984579799537396,2.256713007046285,1.7625319814270846,10.231769361221033,10.732538330494034,14.302461899179363,3.3033033033033066,3.4068136272545013,10.08,56.08,97.88,12.45,53.26,-2.060775410408666,-5.525606469002698,-6.750914532756902,-6.083285357896761,-8.847085118271558,-9.829571625978817,4.621848739495782,-5.753217259651788,-5.034324942791768,-3.321836994009808,-8.613589567604674,-11.277694486090295,,,,,,,,,,7598.79,-6.851660939991877,-10.25796675945424,10.419924088745258,,7694.423333333333,7706.396666666667,,-1.2428914967420157,-1.396329196654389,,-10.25796675945424
1999-10-01,11747.0,2040.0,2255.0,13.169556840077078,7.820100963744836,11.261602576245512,26.394052044609673,12.76948590381426,17.782909930715938,12.524950099800392,16.177228232869645,32.3356807511737,62.57,107.09,14.47,58.43,7.379440535438464,4.2659556740543225,0.5463602763940312,4.294896766653689,-0.6862654177872574,-1.390423572744004,16.038492381716107,11.737451737451753,16.411906677393407,3.8386351519459794,-1.6826518593303086,-2.028839704896046,,,,,,,,,,7854.85,3.36974702551327,7.207834305797256,6.561780558581609,,7870.456666666666,7787.009999999999,,-0.19829429634958817,0.8711944636002888,,-7.233887263695815
1999-11-01,11564.0,2196.0,2379.0,18.617294081444257,5.597662313943941,11.675519072911644,37.25000000000001,11.642094560244033,29.252501471453797,24.424686192468627,16.67484060814124,33.27731092436974,63.47,105.25,15.09,58.23,11.078053902695139,4.185817465528552,-1.3368568319602092,3.368689844824213,-2.7623798965262347,-0.6137865911237106,19.952305246422885,13.373403456048072,18.818897637795274,4.542190305206462,3.6489854040583802,-2.5439330543933103,,,,,,,,,,7720.87,-1.7056977536171969,-5.355166204323991,5.525813325096318,,7724.836666666667,7854.393333333333,,-0.051349521521715236,-1.6999827697280256,,-8.816196764756956
1999-12-01,11140.0,2258.0,1966.0,11.489191353082461,3.7340534500418965,6.075033326985335,36.51753325272067,15.794871794871801,28.22260079500285,2.9858564693556744,-4.748062015503873,-1.503006012024044,62.62,110.47,15.1,62.57,7.872523686477173,11.661911554921534,5.491913746630717,2.2302424578937607,12.862689006947292,2.877630843732537,23.466884709730174,21.285140562248994,14.307342922028754,5.24810765349033,17.480285392414572,7.361015785861347,,,,,,,,,,8448.84,9.428600662878672,11.186649453399822,-0.2188400884808428,,8008.186666666666,7851.305,7455.125,5.502535738427694,7.610645618785661,13.329286899951388,-0.2188400884808428
2000-01-01,10873.0,2121.0,1922.0,10.881093208239845,-7.440197497233337,-0.20192748967415852,33.39622641509435,3.9705882352941257,17.24709784411278,8.771929824561408,-14.76718403547672,-0.9788768675940251,59.76,114.56,14.09,58.8,8.300108735048916,-4.490970113472914,-0.4165972337943691,3.8621940163191315,6.9754412176673775,6.241305759065208,24.250440917107575,-2.6261230131306212,8.803088803088798,3.502904418236219,0.633236351189459,-1.0600706713780994,,,,,,,,,,9744.89,15.339975665298432,24.062076296810233,33.0042651926161,62.460322223555934,8638.199999999999,8254.328333333333,7767.339166666666,12.8115811164363,18.057940106978208,25.459823382245773,0.0
2000-02-01,9831.0,1920.0,1882.0,13.535050236747903,-14.986163957108268,-10.227376495297236,28.085390260173448,-12.568306010928964,-2.389425521098121,11.625148279952558,-20.891130727196305,-7.6998528690534584,52.89,85.26,11.89,46.13,10.625392177368752,-16.66929257917126,-13.181221273801713,-0.9295840111550047,-18.992874109263656,-21.230598669623046,22.577319587628875,-21.20609675281643,-10.668670172802408,2.968750000000009,-20.779666838399447,-17.888928444286222,,,,,,,,,,9435.94,-3.170379552770719,22.213429315608213,15.668697051753377,49.33781961598602,9209.89,8467.363333333333,8027.124166666667,2.45442670867948,11.43894065409581,17.550691930038443,-3.170379552770719
2000-03-01,12645.0,2204.0,2419.0,19.8237468018573,13.50987432675046,17.748393705186704,29.191090269636575,-2.391496899911427,13.025641025641033,29.013333333333335,23.04170905391658,17.199612403100772,64.86,114.59,15.81,62.74,7.84835384103757,3.5771319067390728,15.656205420827396,5.564256103178256,3.729519326513997,17.071924805884777,20.59496567505721,4.7019867549668914,26.987951807228928,4.514409461935709,0.27169570081508887,17.79947427713107,,,,,,,,,,9854.95,4.4405750778406805,16.642639699651074,29.69104291604323,43.20475113779696,9678.593333333334,8843.39,8274.893333333333,1.8221311774645033,11.438599903430724,19.094586516321677,0.0
2000-04-01,12409.0,2382.0,2233.0,17.531729494222393,14.12673595143934,5.635481399506248,37.52886836027714,12.305516265912297,16.76470588235295,31.044600938967125,16.181061394380848,-0.9756097560975618,60.6,106.03,14.78,59.28,-2.619315442712511,1.4056224899598346,-3.1484737094454207,-2.3664825046040505,-7.445879888268159,-0.9898216453450348,18.905872888173782,4.897090134847404,2.1423635107117978,-0.6036217303822977,0.8163265306122547,1.454732158137939,,,,,,,,,,8777.35,-10.934606466800956,-9.928690831810306,11.744336301775338,19.076754436541286,9356.08,8997.140000000001,8392.075,-6.185603372352522,-2.4428874064425066,4.590938474691897,-10.934606466800956
2000-05-01,13363.0,2788.0,2438.0,29.048768710767735,35.92716915878344,15.556900726392243,64.09652736904061,45.20833333333334,26.958105646630237,36.58263305322129,29.543039319872477,2.480033627574607,62.85,111.21,15.88,63.01,-2.300637338722211,18.831537152580836,-0.9768394517094658,5.014164305948987,30.43631245601688,5.662707838479797,25.039370078740177,33.55761143818334,5.235255135851569,5.456066945606697,36.592239323650546,8.208827065086721,,,,,,,,,,8939.52,1.847596370202842,-5.2609490946318065,15.783843012510257,22.181842038004152,9190.606666666667,9200.248333333333,8527.320833333333,-2.7319923022854464,-2.833927127691649,4.833864876473037,-9.289037488774676
2000-06-01,13928.0,3156.0,2579.0,32.622357646162634,10.146302886516413,25.026929982046674,79.21635434412266,43.19419237749547,39.769707705934465,29.20841683366733,6.61430343116991,31.180061037639884,60.96,105.66,16.44,61.95,2.695417789757415,-6.01295097132285,-2.6509102523155526,-1.6017880424660125,-7.793001134479449,-4.354123291391332,24.451173353520073,3.984819734345346,8.874172185430474,6.297185998627319,-1.259164807140578,-0.9908902029726718,,,,,,,,,,8265.09,-7.544364798109971,-16.13260341249829,-2.1748547729629197,-2.3889354073342806,8660.653333333334,9169.623333333335,8510.464166666667,-4.5673613538008695,-9.864454628634345,-2.883205449918169,-16.13260341249829
2000-07-01,12983.0,3160.0,2283.0,19.16475447452961,4.625674913369338,19.40586774579234,74.68214483139857,32.66162888329136,48.98632720414899,17.61978361669243,2.2391401701746583,18.78251821019772,60.71,107.29,15.88,59.66,1.166472254624229,0.18151815181517428,1.589692101740292,-0.5007882778447437,1.188342921814578,-6.346019553072624,22.62548262548263,7.4424898511502136,12.704045422285315,0.38700992764595377,0.6410256410256387,1.462585034013597,,,,,,,,,,8114.92,-1.8169191140084417,-7.54703868479667,-16.726407378636388,10.757429965537234,8439.843333333334,8897.961666666668,8576.145,-3.8498739905519663,-8.800236458649625,-5.377999089334429,-17.65640617151787
2000-08-01,13699.0,3373.0,2323.0,25.093598758104285,2.514405447878465,39.34492930525888,71.47941026944586,20.982783357245328,75.67708333333334,13.928396272682697,-4.716981132075471,23.432518597236985,63.5,108.63,16.32,59.15,4.2350623768877105,1.03420843277644,20.060502930610703,0.3603104212860364,-2.31993525762072,27.410274454609418,22.61457550713748,2.7707808564231717,37.258200168208575,5.286578853684576,-6.126011744167592,28.224582701062207,,,,,,,,,,7616.98,-6.136104853775526,-14.794306629438726,-19.27693478339202,-6.628682243712403,7998.996666666666,8594.801666666666,8531.0825,-4.775807299165436,-11.376896228553656,-10.714964953158068,-22.709095429200566
2000-09-01,14323.0,3528.0,2737.0,33.3736847006239,2.836013785180924,13.270067220245153,80.92307692307692,11.787072243346008,60.072595281306704,32.606589147286826,6.126405583559524,13.145928069450186,63.04,106.02,16.98,59.23,12.410841654778881,3.4120734908136496,-2.8060437866173293,8.316305680425007,0.34071550255536653,-7.478837594903576,36.38554216867471,3.2846715328467058,7.400379506641364,11.20916259857303,-4.3906376109766,-5.594517054510684,,,,,,,,,,6185.14,-18.79800130760484,-25.16548519132883,-37.23824068107905,-18.60361978683448,7305.68,7983.166666666668,8413.278333333334,-15.33792884440599,-22.522724900311076,-26.483592305575687,-37.23824068107905
2000-10-01,13663.0,3424.0,2434.0,16.310547373797558,5.237618424093049,10.105568538963649,67.84313725490196,8.354430379746836,43.74475230898405,7.9379157427937885,6.614104248795449,9.001343484102108,64.47,104.47,17.44,58.94,3.036599009109797,6.193378356119261,6.386138613861392,-2.446540293211319,-2.628390343927678,-1.4712817127228162,20.525224602626135,9.823677581863976,17.997293640054135,0.8728392948827546,-1.2068387529332814,-0.5735492577597867,,,,,,,,,,5544.18,-10.362902052338352,-31.679178599419334,-36.835377420292005,-29.41711172078397,6448.766666666666,7444.305,8220.7225,-14.027281702444384,-25.524545273198772,-32.558482542136645,-43.74218032562317
2000-11-01,13269.0,3271.0,2312.0,14.744033206502948,-3.1389152492882655,-0.7034348574421867,48.95264116575593,-3.024014230655203,17.324246771879494,-2.816309373686421,-0.47352561343090294,-5.168170631665303,64.21,103.61,16.63,57.26,1.1659051520403363,1.1181102362204598,2.163882259347649,-1.5581947743467994,-4.621191199484487,-6.833917813146295,10.205434062292905,1.8995098039215508,4.722921914357681,-1.6658080027477262,-3.1952662721893454,-9.12553562926519,,,,,,,,,,5256.93,-5.181108838457627,-30.984064550517388,-41.19449366408935,-31.912724861317443,5662.083333333333,6830.540000000001,8015.394166666666,-7.1555522849363395,-23.0378564505881,-34.414579112505685,-46.65695919309586
2000-12-01,12446.0,2882.0,2090.0,11.723518850987436,-13.104796481184112,-10.640436530729469,27.635075287865373,-18.310657596371883,-8.681875792141946,6.307222787385558,-23.63902082572159,-18.960837533927876,64.72,108.91,15.45,59.63,3.353561162567864,2.6649746192893398,6.167979002624668,-1.4121480945052944,2.7259007734389717,3.0759038425137275,2.3178807947019875,-9.01060070671379,-6.02189781021899,-4.69873741409621,0.675333445888926,-3.744955609362388,,,,,,,,,,4739.09,-9.850616234189925,-23.379422292785613,-42.661362429205255,-43.90839452516558,5180.066666666667,6242.873333333333,7706.248333333334,-8.512953501241938,-24.08800007688766,-38.50327948165007,-51.911577430631304
2001-01-01,10368.0,2373.0,1650.0,-4.6445323277844235,-24.116226304618316,-20.141723792651934,11.881188118811892,-30.695093457943923,-24.90506329113924,-14.151925078043703,-32.21035332785538,-27.726675427069647,59.01,95.52,12.76,46.12,-1.2550200803212896,-8.469055374592838,-2.800197661011372,-16.62011173184358,-8.567052742414095,-10.970267499300967,-9.439318665720364,-26.834862385321113,-19.647355163727966,-21.564625850340136,-21.750933152358332,-22.69527321488435,,,,,,,,,,5936.2,25.26033479001242,7.070838248397404,-26.8483238282078,-39.08397118900264,5310.740000000001,5879.753333333334,7388.857500000001,11.777266444977519,0.9600175971100633,-19.66010983430119,-39.76428089437288
2001-02-01,10706.0,2086.0,1856.0,8.900417048113107,-19.315698244027434,-21.848310095627422,8.64583333333333,-36.227453378171816,-38.155944263267116,-1.381509032943673,-19.723183391003463,-20.103314679294016,60.55,95.37,13.79,50.43,14.482889014936662,-5.700046721694441,-4.645669291338583,11.857846586910625,-7.952900299198918,-12.20657276995304,15.979814970563488,-17.077570655441974,-15.502450980392169,9.321482766095812,-11.928047502619632,-14.742180896027046,,,,,,,,,,5674.69,-4.405343485731617,7.946843499913436,-25.499476170345726,-39.86089356227362,5449.993333333333,5556.038333333334,7075.420000000001,4.122879661014878,2.1355444211897723,-19.797128651020024,-42.41787122207622
2001-03-01,12503.0,2263.0,2394.0,-1.1229735073151392,0.457978466977349,-12.7068351602318,2.6769509981851236,-21.47814018043026,-35.85600907029478,-1.033484911120297,14.54545454545455,-12.53196930946292,67.34,105.35,15.16,56.85,3.8236201048412077,4.048207663782444,6.82106598984773,-8.063530849114242,-3.2687540170783236,-0.6319562346727037,-4.111321948134094,-1.8770226537216828,-10.718492343934038,-9.38795027095951,-4.662082844205939,-4.018234003038989,,,,,,,,,,5797.92,2.1715723678297882,22.34247503212641,-6.260488849080215,-41.16743362472667,5802.936666666667,5491.501666666667,6737.334166666667,-0.08645048110699216,5.579864159803272,-13.94341060466424,-41.16743362472667
2001-04-01,11587.0,2012.0,2068.0,-6.624224353291963,11.75733024691359,-15.194320427431752,-15.533165407220828,-15.212810788032026,-41.23831775700935,-7.389162561576357,25.333333333333343,-15.036976170912075,62.87,97.76,13.06,52.48,3.745874587458742,6.541264192509733,-2.481774468745157,-7.799679336036968,2.345058626465679,-6.422896525318267,-11.637347767253036,2.351097178683381,-25.114678899082577,-11.47098515519569,13.790112749349515,-10.96029860875467,,,,,,,,,,5381.67,-7.179298783011834,-9.34149792796738,-2.93118188803394,-38.68684739699339,5618.093333333333,5464.416666666667,6454.360833333333,-4.208248587302455,-1.5142817928110675,-16.61962913188021,-45.39119934652129
2001-05-01,11498.0,2187.0,1879.0,-13.956446905634968,7.397720904165883,-13.346898786645568,-21.556671449067434,4.841802492809211,-33.13971262610822,-22.928630024610342,1.2392241379310276,-18.72837370242214,66.55,100.02,13.41,53.9,5.887032617342869,9.909165978530133,3.644292166329244,-10.062044780145673,4.875747090279958,-3.4649165138500138,-15.554156171284639,-2.755620014503257,-19.36259771497294,-14.458022536105375,6.880824905810035,-5.8679706601466926,,,,,,,,,,5048.86,-6.1841398673646015,-11.028443844509573,-3.9580135173951425,-43.52202355383735,5409.483333333334,5429.738333333334,6130.139166666667,-6.6665023461883415,-7.0146719777472555,-17.63873767411752,-48.768283958822735
2001-06-01,11153.0,2091.0,2022.0,-19.923894313612866,-10.797408621930737,-10.388879961433394,-33.74524714828897,-7.600530269553685,-27.446217904233173,-21.597518417991466,-15.538847117794486,-3.2535885167464085,62.27,95.0,12.57,49.86,2.1489501312335957,-7.528957528957525,-3.78553770086526,-10.088964603445005,-9.824394874228759,-12.772013589202091,-23.540145985401463,-17.084432717678098,-18.640776699029114,-19.515738498789347,-12.295514511873352,-16.384370283414395,,,,,,,,,,4883.43,-3.276581248044097,-15.772725391174758,3.0457324085425785,-40.91498096209478,5104.653333333333,5453.795,5848.3341666666665,-4.333758217991934,-10.458130531125565,-16.498786477801865,-50.44693275967915
2001-07-01,10804.0,2017.0,1955.0,-16.783486097204037,-6.757573142314666,4.205246913580241,-36.17088607594937,0.248508946322068,-15.002107037505263,-14.367060884800697,-5.464216634429397,18.48484848484848,61.37,96.21,12.24,49.56,1.0871355625102996,-2.3858756163511963,3.9993221487883313,-10.327150713020794,-1.585515548281513,0.7223618090452133,-22.921914357682628,-6.278713629402755,-4.075235109717868,-16.92926583975862,-5.564024390243894,7.458803122289681,,,,,,,,,,4352.98,-10.862242317387583,-19.11469859727558,-26.670597351841252,-46.35831283610929,4761.756666666667,5189.925,5534.839166666668,-8.584576980344105,-16.126340939416284,-21.353089603476903,-55.82950699902081
2001-08-01,11410.0,2210.0,1918.0,-16.709248850281043,-0.7653504957383928,6.575751914814121,-34.47969166913727,1.0516689529035173,5.944391179290509,-17.43435213086526,2.075572112825963,3.340517241379315,65.75,103.14,13.24,50.81,3.543307086614167,-1.2021036814425234,8.587943848059453,-5.053852526926262,3.119376124775042,8.1472161056936,-18.872549019607842,-1.2677106636838187,-3.9883973894126123,-14.099746407438706,-5.732838589981437,0.753519730319252,,,,,,,,,,4509.44,3.5943192939090096,-10.683995991174244,-20.53416133744751,-40.79753393077047,4581.95,4995.716666666666,5275.8775000000005,-1.5825139951330836,-9.733872017027922,-14.527204242327475,-54.24187844687188
2001-09-01,10482.0,2110.0,1742.0,-26.817007610137544,-6.0163184793329165,-16.164120611053345,-40.192743764172334,0.9086561453849784,-6.760936809544848,-36.353671903544026,-13.847675568743822,-27.234753550543022,62.27,89.74,12.45,47.21,-1.2214467005076113,0.0,-7.528957528957525,-15.355593284285984,-5.536842105263162,-14.817275747508308,-26.67844522968198,-0.9546539379475028,-17.8759894459103,-20.29377004896167,-5.314881668672278,-16.956904133685136,,,,,,,,,,3636.94,-19.348300454158384,-25.524887220662528,-37.271642244115135,-41.198744086633454,4166.453333333333,4635.553333333333,5063.527499999999,-12.708970699299794,-21.542483960922322,-28.173787937361837,-63.09529728715011
2001-10-01,11978.0,2345.0,2221.0,-12.33257703286248,10.866345797852638,3.3744713903512524,-31.51285046728972,16.26177491323748,16.55069582504971,-8.751027115858667,13.606138107416887,7.3984526112185645,67.34,97.55,14.5,51.12,4.45168295331162,9.727880071696271,7.109909336726594,-6.623911170671004,1.3927866126182353,-0.2148117839607333,-16.857798165137616,18.4640522875817,11.026033690658487,-13.267729894808278,3.147699757869238,-2.591463414634143,,,,,,,,,,3903.49,7.32896335930755,-10.326029524601532,-27.466938701183842,-29.593014656811288,4016.623333333333,4389.19,4926.803333333333,-2.816627897230428,-11.065823078973569,-20.77033045768013,-60.390565147463974
2001-11-01,11787.0,2244.0,2416.0,-11.168889893737276,3.3041191936897363,2.51348060532266,-31.397126261082242,1.538461538461533,2.6063100137174278,4.498269896193774,25.96454640250261,28.579031399680677,61.81,94.46,14.46,50.75,-3.7377355552094538,-5.9923954372623545,-7.12246431254695,-8.831193900202694,-8.415745588520462,-5.558888222355529,-13.048707155742623,9.214501510574014,7.829977628635354,-11.36919315403423,-0.11808699074985496,-5.844155844155841,,,,,,,,,,4441.12,13.77305949291532,-1.5150439965938012,-12.037172747907443,-15.518753340828207,3993.85,4287.900000000001,4858.819166666666,11.198968413936417,3.5733109447514844,-8.596721802948348,-54.93513412041664
2001-12-01,11438.0,2184.0,2128.0,-8.098987626546684,9.120396870826175,2.555366269165238,-24.21929215822346,3.5071090047393394,4.44763271162123,1.8181818181818077,22.158438576349027,5.242334322453024,62.62,98.19,13.59,50.02,-3.2447466007416548,0.5620684117552566,0.5620684117552566,-9.842989624460563,9.416090929351473,3.357894736842093,-12.038834951456312,9.156626506024113,8.11455847255369,-16.11604896863994,5.952128786274091,0.3208985158443811,,,,,,,,,,5551.24,24.99639730518428,52.63490736718231,13.675019402346301,17.1372563087006,4631.95,4399.201666666667,4926.498333333333,19.846716825527054,26.18744082733191,12.681251964292418,-43.67054120010757
2002-01-01,11322.0,2203.0,2050.0,9.201388888888884,-5.476707296710637,4.794520547945202,-7.163927517909818,-6.055437100213224,9.221616261774912,24.242424242424242,-7.699234579018455,4.859335038363177,66.42,96.94,14.15,51.43,12.557193695983738,-1.3662013662013694,8.228776275052962,1.486599664991628,-0.6253203485392156,0.7587568859785954,10.89341692789969,-2.4137931034482696,15.604575163398703,11.51344319167389,0.6064162754303659,3.773204196933011,,,,,,,,,,5872.14,5.780690440334069,50.433073992760335,34.899310357502245,-1.079141538357864,5288.166666666667,4652.3949999999995,4921.160000000001,11.043020580541452,26.21757180978832,19.32430565151304,-40.41430956017027
2002-02-01,10159.0,1949.0,2127.0,-5.109284513356993,-13.811826588614572,-10.964066608238387,-6.567593480345158,-13.146167557932264,-11.809954751131224,14.601293103448265,-11.96192052980133,10.896767466110525,55.37,76.23,12.07,40.45,-8.554913294797684,-10.419026047565128,-15.787072243346012,-20.06920415224913,-19.29917425365233,-26.09075043630017,-12.47280638143582,-16.52835408022131,-8.836858006042291,-19.789807654174098,-20.295566502463046,-20.389687069474515,,,,,,,,,,5696.11,-2.9977146321443437,28.258412292394695,26.315240916832238,0.37746555318440844,5706.496666666667,4850.173333333333,4922.945,-0.18201476796331217,17.441369792969596,15.705334916396584,-42.20051852114928
2002-03-01,12713.0,2347.0,2599.0,1.6795968967447727,11.147053680713404,21.2841060866247,3.7118868758285517,7.463369963369959,11.232227488151668,8.563074352548039,22.133458646616532,49.19632606199771,69.97,96.36,15.92,55.31,3.9055539055538935,11.737464068987546,12.365505058615689,-8.533459895586137,-1.8637335777574093,7.376866503231572,5.013192612137196,17.144959529065495,27.87148594377511,-2.708883025505715,10.57576969212315,17.15738191061216,,,,,,,,,,6167.47,8.275121091411508,11.100763072754916,69.57854680033215,6.373837514142999,5911.906666666667,5271.928333333333,4953.740833333333,4.322858051435197,16.98698483824863,24.501264953135582,-37.4175414385664
2002-04-01,12913.0,2541.0,2549.0,11.44385949771296,14.052287581699341,7.805977625647009,26.292246520874762,15.342714480254195,8.358208955223878,23.259187620889744,24.341463414634145,14.768122467357037,70.04,96.21,16.07,54.92,11.404485446158752,5.450165612767255,4.009504009504017,-1.585515548281513,-0.7530431194553322,-1.3736545361353159,23.047473200612558,13.568904593639575,10.827586206896544,4.6493902439024515,6.785922613260742,7.433489827856032,,,,,,,,,,6065.73,-1.6496229410114749,3.296753823989196,55.39248211216117,12.710924304165804,5976.436666666667,5632.301666666666,5010.745833333333,1.4940898450637397,7.69540338896384,21.054433845926113,-38.44991603204482
2002-05-01,13139.0,2420.0,2614.0,14.272047312576097,29.33359582636086,11.470263850004248,10.653863740283498,24.166239096972795,7.843137254901955,39.11655135710483,22.896097790315007,8.195364238410585,71.76,98.95,16.77,59.18,7.828700225394458,29.600866895430755,16.097718815725614,-1.0697860427914319,29.804538895447983,4.753334744865567,25.05592841163311,38.93951946975973,15.975103734439822,9.795918367346946,46.30407911001235,16.610837438423644,,,,,,,,,,5675.65,-6.430883009959231,-0.35919250154929916,27.797717692834233,12.414485646264705,5969.616666666666,5838.056666666666,5062.9783333333335,-4.92438096248502,-2.781861772496219,12.101013007166062,-42.408129924555695
2002-06-01,12381.0,2407.0,2433.0,11.010490450999733,-2.611500039329817,8.244448330127652,15.112386417981828,2.556455048998729,10.210622710622719,20.32640949554896,-6.38707195075029,14.33270676691729,66.0,91.01,16.02,55.11,5.990043359563191,-5.673860225811056,5.397636537847328,-4.199999999999992,-5.552096305520959,-7.312353600162947,27.446300715990457,0.6281407035175768,17.88079470198676,10.52948255114321,-0.3615982643283333,10.175929628148728,,,,,,,,,,5153.71,-9.19612731581404,-16.437210071552844,-7.1611027446120135,5.534634467986632,5631.696666666667,5771.801666666666,5085.501666666666,-8.487436290661964,-10.708816802148135,1.341231166640089,-47.70435162025175
2002-07-01,12628.0,2404.0,2231.0,16.882636060718248,-2.2070781383102256,11.535064476240953,19.186911254338135,-5.391578118850848,9.123921924648215,14.117647058823524,-12.475480580619847,8.829268292682935,70.07,95.49,16.1,57.75,14.176307642170439,0.04283266704738775,5.495332731105074,-0.7483629560336769,-0.7483629560336769,-1.4957705797400522,31.5359477124183,0.18668326073429942,13.780918727915203,16.52542372881356,5.152949745083757,12.288547540346094,,,,,,,,,,4940.38,-4.139348158899125,-18.55258971302711,-15.867469099851162,13.494203970613249,5256.58,5616.508333333334,5134.451666666667,-6.015317944366871,-12.038232531777615,-3.7797934281200485,-49.869050578643225
2002-08-01,12995.0,2536.0,2480.0,13.891323400525856,-1.0959738184032286,27.9161334777045,14.751131221719449,4.793388429752077,30.118009235505383,29.30135557872784,-5.1262433052792655,16.596144804889512,72.64,98.58,15.62,57.04,10.47908745247148,1.2263099219620877,31.190175185118306,-4.421175101803376,-0.37392622536635,29.31916568280204,17.97583081570997,-6.857483601669645,29.411764705882337,12.261365872859663,-3.616086515714767,41.01359703337452,,,,,,,,,,4764.94,-3.5511438391378936,-16.045915445807967,-16.347472222270987,5.665891995458416,4953.009999999999,5461.313333333333,5155.743333333333,-3.797085004875822,-12.751023258141814,-7.579960988489853,-51.64927270052107
2002-09-01,12787.0,2616.0,2611.0,21.990078229345556,3.2792181568532364,0.5820813340674968,23.98104265402843,8.683007893643534,11.461440136344269,49.88518943742824,7.316070694615706,0.461716044632543,68.91,92.81,15.89,55.44,10.663240725871193,4.409090909090896,-1.5149349721309213,3.4209939826164604,1.9778046368530866,-3.684101286841013,27.630522088353416,-0.811485642946308,-0.18844221105527303,17.432747299301,0.5988023952095745,0.23503887181339778,,,,,,,,,,4191.81,-12.028063312444637,-18.6642244130927,-32.03355670963944,15.256506843665285,4632.376666666667,5132.036666666666,5201.9825,-9.510596792287329,-18.320731665336222,-19.41899074054939,-57.46492879212985
2002-10-01,13455.0,2641.0,2844.0,12.330940056770757,6.548938866012044,4.197320529698745,12.622601279317692,9.858569051580691,3.9354584809130344,28.05042773525439,27.47646795159122,11.573165947430365,73.08,94.32,16.89,58.41,8.523908523908519,4.295704295704295,4.340376927470002,-3.311122501281394,-1.225259189443928,-1.9644527595883976,16.482758620689665,4.906832298136643,5.102675793403866,14.260563380281699,1.1428571428571344,6.354697742170412,,,,,,,,,,4579.14,9.240161171427141,-7.3119881466607755,-24.508014698972747,17.30886975501411,4511.963333333333,4884.2716666666665,5258.286666666666,1.4888566618079802,-6.247229627890604,-12.915740615130645,-53.534619658141345
2002-11-01,13416.0,2643.0,2912.0,13.820310511580548,3.2397075798384023,2.1082274145673097,17.780748663101598,4.219242902208209,9.214876033057863,20.529801324503303,17.419354838709666,11.40015302218822,69.79,92.32,16.79,57.66,12.910532276330699,-3.923458149779724,-2.745261984392422,-2.265509210247729,-6.3501724487725735,-6.700353713996976,16.113416320885186,7.4903969270166515,0.11926058437685683,13.615763546798032,1.0869565217391353,-2.5684352821899292,,,,,,,,,,4646.69,1.4751678262730383,-2.4816681846990707,-18.12937725194471,4.628787332925022,4472.546666666667,4712.778333333334,5275.4175000000005,3.8936057309631122,-1.4023221263324337,-11.91806146148624,-52.849177316982846
2002-12-01,13041.0,2374.0,2730.0,14.014687882496935,1.9863924298115343,5.3307487278895005,8.69963369963369,-9.250764525993882,-1.371001246364767,28.28947368421053,4.557640750670244,12.207151664611594,69.56,95.1,16.35,60.29,11.082721175343346,0.9432593237556297,5.393939393939395,-3.146959975557595,2.4674065294687964,4.494011647071727,20.309050772626946,2.8949024543738267,2.059925093632975,20.531787285085954,8.74819624819625,9.39938305207766,,,,,,,,,,4452.45,-4.180179869971957,6.217839071904474,-13.606896779213429,-19.79359566511266,4559.426666666667,4595.901666666666,5183.8516666666665,-2.3462745315931732,-3.1212953859978687,-14.10923216360036,-54.8201665153045
2003-01-01,13016.0,2375.0,2594.0,14.962020844373791,-3.262727610553695,3.0725372188786793,7.807535179300951,-10.07194244604317,-1.206322795341097,26.53658536585366,-8.790436005625878,16.270730614074402,73.07,99.33,16.63,58.63,10.012044564890088,-0.013683634373296005,4.281432852861422,2.4654425417784287,5.311704834605613,4.021363493559549,17.526501766784452,-1.5393724097098938,3.2919254658384967,13.99961112191328,0.37664783427495685,1.5238095238095273,,,,,,,,,,5015.16,12.638210423474728,9.52187528662587,1.5136487476671734,-14.59399809950036,4704.766666666666,4608.365000000001,5112.4366666666665,6.597422472244463,8.827317280640724,-1.9027456574849166,-49.110244090533186
2003-02-01,11164.0,2067.0,2419.0,9.89270597499754,-16.785927251043532,-14.090034628703352,6.054386865059014,-21.793416572077184,-18.49369085173501,13.728255759285378,-16.92994505494505,-2.459677419354833,62.08,73.63,14.91,46.36,12.118475708867615,-11.047427998280568,-14.537444933920707,-3.410730683457963,-20.244800693240904,-25.30939338608237,23.529411764705888,-11.197141155449664,-4.545454545454541,14.610630407910996,-19.59764134582033,-18.723702664796637,,,,,,,,,,4432.46,-11.61877188364877,-4.610378570552365,-6.977632457071858,-22.184438151650852,4633.3566666666675,4552.951666666667,5007.132500000001,-4.335877445221515,-2.646451697451946,-11.477077948306746,-55.02300874179981
2003-03-01,13489.0,2406.0,2676.0,6.103988043734754,3.435319377348356,5.48995073121139,2.5138474648487508,1.347935973041281,-8.027522935779817,2.9626779530588676,-1.978021978021982,2.489467636920728,70.96,96.16,17.83,59.97,1.4148920966128298,2.0126509488211486,2.974894790306193,-0.20755500207555455,1.1146161934805443,3.6095248356857956,11.997487437185917,9.05198776758407,12.208936438011309,8.425239558850105,-0.5307679548847255,8.170995670995683,,,,,,,,,,4321.22,-2.50966731792277,-2.9473660568900217,3.087210536737106,-29.935289510933984,4589.613333333334,4574.52,4853.278333333334,-5.847841938754462,-5.537192973251837,-10.962864620375168,-56.15178159199184
2003-04-01,13503.0,2630.0,2774.0,4.569038952993099,3.7415488629379157,0.35674470457078833,3.502558048012583,10.736842105263156,-0.41650889814464076,8.826990976853665,6.939090208172716,-2.4613220815752457,70.42,92.69,17.71,59.54,0.5425471159337558,-3.6266593677295678,-3.6398467432950166,-3.6586633406090807,-6.684788080136917,-1.7281594571670889,10.205351586807708,6.494287432351187,4.854943753700414,8.412235979606697,1.552106430155198,1.9346002396849915,,,,,,,,,,4148.07,-4.006970253770936,-17.289378604072457,-9.41377638595895,-31.61466138453245,4300.583333333333,4502.675,4693.473333333333,-3.546340612707577,-7.875429605734374,-11.62046302596088,-57.90876666040925
2003-05-01,13708.0,2550.0,2716.0,4.330618768551631,22.78753135077034,2.176505664877748,5.371900826446274,23.367198838896954,-3.518728717366626,3.9020657995409325,12.277800744109136,-6.730769230769229,74.75,92.42,17.62,58.35,4.166666666666652,20.409149484536094,7.107035391889949,-6.599292572006066,25.519489338584833,0.1083188908145738,5.068574836016704,18.175720992622413,4.943418701608104,-1.402500844880028,25.862812769628984,1.196670135275757,,,,,,,,,,4555.9,9.831801295542263,2.7849095084896414,-1.9538639332514096,-19.729017821747284,4341.7300000000005,4487.543333333333,4600.160833333332,4.932826315777339,1.523253628748611,-0.962158388302714,-53.770440235617635
2003-06-01,13826.0,2679.0,2804.0,11.671108957273235,2.4983319742011956,6.019477033969789,11.300373909430817,11.34663341645885,12.847514743049704,15.248664200575423,4.783258594917794,2.710622710622701,74.67,86.66,17.24,56.48,13.136363636363635,5.2282976324690145,7.346175963197243,-4.779694539061651,-9.879367720465893,-8.874868559411142,7.615480649188511,-3.3090297251822776,5.44342507645259,2.4859372164761417,-5.819576454894115,-6.319455962846243,,,,,,,,,,4872.15,6.941548321956148,12.74940873179331,9.426270929488245,-5.463248805229637,4525.373333333333,4557.493333333333,4576.697499999999,7.662940516141581,6.904160766737277,6.455582873895427,-50.561393005545455
2003-07-01,14500.0,2819.0,2880.0,14.824200190053837,7.383544397541297,11.401352181929925,17.262895174708824,7.186311787072253,18.694736842105254,29.090094128193634,3.8211968276856467,11.025443330763295,79.32,95.83,18.0,59.43,13.201084629656057,12.638454984379432,8.553441905022584,0.3560582259922507,3.3876362067105426,-3.5236081747709647,11.801242236024834,1.637492941840768,8.238123872519543,2.9090909090909056,-0.1847497480685245,1.3644891693672223,,,,,,,,,,5318.34,9.157969274345025,28.21239757284715,6.045270739119002,7.65042365162194,4915.463333333333,4608.0233333333335,4608.194166666667,8.19610765753518,15.414780162426833,15.410501546791732,-46.03382056732911
2003-08-01,14385.0,2990.0,2774.0,10.696421700654103,4.938721914210675,28.85166606950913,17.902208201892744,17.25490196078432,44.654088050314456,11.854838709677429,2.135493372606767,14.675485737908222,79.5,93.82,18.51,56.96,9.44383259911894,6.35451505016722,28.060567010309278,-4.828565631974035,1.5148236312486407,27.420888224908314,18.501920614596678,5.051078320090818,24.144869215291752,-0.14025245441794398,-2.382176520994006,22.864538395168243,,,,,,,,,,5650.83,6.25176276808177,24.033231633705743,27.487444895159797,18.59183956146353,5280.44,4811.085,4682.018333333333,7.014377589746323,17.45437879397267,20.69218011747782,-42.65998305420119
2003-09-01,15400.0,3333.0,3322.0,20.434816610620167,11.384348329234783,14.167099117799697,27.408256880733937,24.41209406494962,38.528678304239406,27.230945997702037,18.473609129814548,24.14050822122571,74.1,89.92,19.53,57.72,7.531562908141054,-0.7633587786259666,4.4250281848928985,-3.11388858959164,3.761827832910236,-6.489184692179695,22.90748898678414,13.283062645011622,9.534492428491316,4.112554112554112,2.195467422096331,-3.7518759379689848,,,,,,,,,,5611.41,-0.6975966362463559,15.173178165696877,29.857077399438104,33.86603877561243,5526.860000000001,5026.116666666667,4800.318333333334,1.5298017319056223,11.645040737215929,16.896622480939616,-43.059985083638175
2003-10-01,16137.0,3396.0,3427.0,19.93311036789298,11.289655172413804,19.506776271939575,28.587656190836807,20.468251152891103,29.12547528517111,20.499296765119546,18.99305555555555,23.540014419610667,79.9,94.7,21.29,62.78,9.33223864258348,0.7312153303076219,13.462084635046857,0.40288379983037803,-1.1791714494417183,2.168518718308343,26.050917702782694,18.27777777777777,20.214568040654978,7.481595617188841,5.636883728756525,5.441719852200211,,,,,,,,,,6045.12,7.7290734414344975,13.66554225566623,45.733316940167356,32.01430836357917,5769.12,5342.291666666666,4922.483333333334,4.78409185456361,13.155933393128748,22.806307114633874,-38.65904951318881
2003-11-01,15181.0,3201.0,3385.0,13.155933214072757,5.533541883906845,10.74555004377007,21.112372304199777,7.056856187290972,25.52941176470589,16.243131868131865,22.025955299206924,24.631811487481592,78.0,90.38,20.95,59.92,11.763863017624288,-1.8867924528301883,4.347826086956519,-2.1013864818024253,-3.666595608612233,-2.2073144341051787,24.77665276950567,13.18206374932467,18.89897843359818,3.9195282691640854,5.196629213483139,2.690659811482443,,,,,,,,,,5771.77,-4.521829177915404,2.1402165699552222,26.687811409381258,24.2125039544278,5809.433333333334,5544.936666666667,5016.24,-0.6483133753722448,4.090819191803208,15.06167966444989,-41.43278251031207
2003-12-01,15715.0,3446.0,3232.0,20.504562533548043,2.0454545454545503,13.662664545060021,45.15585509688289,3.3903390339034,28.630085852930186,18.38827838827839,-2.7092113184828404,15.2639087018545,85.36,101.58,21.43,67.52,22.71420356526739,15.195681511470994,14.316325164055165,6.813880126182981,12.967081850533813,17.21670897761367,31.0703363914373,9.728622631848438,24.303944315545255,11.992038480676715,16.97851697851698,19.54674220963173,,,,,,,,,,5890.69,2.060373161092688,4.9770022151295334,20.90534979423868,32.3022156340891,5902.526666666668,5714.693333333333,5136.093333333333,-0.20053558984346465,3.0797219798321063,14.692035710669838,-40.22607927995576
2004-01-01,13934.0,3057.0,2801.0,7.052858020897368,-13.651855983144323,-3.9034482758620648,28.715789473684204,-9.982332155477035,8.442710180915224,7.979953739398615,-18.2667055733878,-2.7430555555555514,77.99,85.37,15.45,61.64,6.733269467633773,-2.3904881101376896,-1.676752395360559,-14.05416289137219,-9.852164730728619,-10.915162266513612,-7.095610342754055,-27.430718647252228,-14.166666666666671,5.133890499744154,-1.8158649251353909,3.7186606091199836,,,,,,,,,,6375.38,8.228068358715213,5.463249695622263,19.875374646976308,27.122165593919245,6012.613333333335,5890.866666666668,5249.445,6.033427505732369,8.22482260674715,21.448648380924084,-35.3078402224263
2004-02-01,15037.0,3232.0,2848.0,34.69186671443927,-0.9485541136947551,4.53249913103928,56.36187711659411,0.9684473601999422,8.09364548494984,17.734601074824297,-15.864106351550955,2.667627974044695,80.0,88.38,17.02,67.64,28.865979381443307,2.564102564102555,0.6289308176100628,20.032595409479836,-2.212878955521136,-5.79833724152633,14.151576123407095,-18.75894988066825,-8.049702863317131,45.9016393442623,12.88384512683578,18.75,,,,,,,,,,6750.54,5.884511982030882,16.95788293712326,19.461034927612396,52.29782107452745,6338.87,6074.151666666668,5442.618333333333,6.494375180434364,11.135519335896271,24.031111251294202,-31.501022328880413
2004-03-01,17239.0,3588.0,3279.0,27.800429979983686,9.697741011772187,11.941558441558442,49.127182044887775,4.120719674985485,7.65076507650766,22.53363228699552,1.4542079207920722,-1.294400963275133,87.72,97.47,18.64,76.09,23.618940248027066,2.764761012183703,18.380566801619437,1.3623128119800265,-4.046072061429418,8.396352313167267,4.542905215928217,-13.019132057862803,-4.557091653865852,26.880106720026696,12.692535545023699,31.826056826056835,,,,,,,,,,6522.19,-3.382692347575167,10.72030611015009,16.230858197850438,50.93399549201381,6549.37,6225.948333333334,5626.0325,-0.4150017482597579,4.758177402157471,15.928765075566108,-33.8181320047286
2004-04-01,18032.0,3904.0,3123.0,33.54069466044582,29.41007607291517,11.743198859763272,48.44106463878326,27.706902191691206,14.958775029446404,12.581110310021625,11.495894323455902,-8.870732419025384,82.96,94.51,18.11,74.83,17.807441067878436,6.37261187331708,3.8297872340425476,1.963534361851349,10.706337120768428,-0.20063357972545104,2.2586109542631183,17.216828478964395,-14.936589948332546,25.68021498152502,21.39844256975989,19.194010831474984,,,,,,,,,,6117.81,-6.2000647021935755,-4.040072905458181,1.2024575194537146,47.48569816806372,6463.513333333333,6238.063333333334,5790.177500000001,-5.348535935564447,-1.9277350502479806,5.658418934479981,-37.921450641555765
2004-05-01,17251.0,3859.0,2834.0,25.84622118470965,14.723681585422632,13.635465384362021,51.33333333333334,19.399752475247524,20.55607622617932,4.344624447717238,-0.49157303370787053,-16.27769571639587,84.97,95.14,18.46,75.32,13.672240802675596,6.212499999999999,8.935897435897445,2.943085912140231,7.648789318850424,5.266651914140308,4.76730987514189,8.460634547591074,-11.885441527446295,29.08311910882604,11.35422826729744,25.700934579439227,,,,,,,,,,5977.84,-2.28791021623751,-11.446491688072358,3.57030858818006,31.210957220307755,6205.946666666667,6272.408333333333,5908.672500000001,-3.6756143569823374,-4.696255691261586,1.1706098112562513,-39.34175211441966
2004-06-01,17702.0,3921.0,3330.0,28.03413857948791,2.685770636347806,12.643970728603238,46.36058230683091,9.28093645484951,13.784097504352877,18.758915834522117,1.5553522415370447,3.0321782178217793,81.6,93.42,18.44,74.29,9.280835676978704,-6.976744186046513,-4.404873477038429,7.800600046157413,-4.155124653739605,-8.033077377436504,6.960556844547572,-1.0729613733905574,-13.952403173121786,31.533286118980186,-2.3656196609278424,10.026658767772535,,,,,,,,,,5839.44,-2.315217536769143,-10.468109638020362,-0.8700169250121847,19.85345278778363,5978.363333333335,6263.866666666666,5989.28,-2.3237686568620797,-6.775793439621958,-2.5018032217562047,-40.74612250696351
2004-07-01,18537.0,3926.0,3184.0,27.841379310344827,2.800576752440098,33.03430457872829,39.26924441291237,0.563524590163933,28.426561988877985,10.555555555555562,1.9532500800512276,13.673687968582659,81.76,93.59,18.07,75.1,3.0761472516389388,-1.4464802314368197,4.833953070906549,-2.3374726077428742,-0.9734419638133596,9.628675178634172,0.38888888888888307,-0.2208724461623346,16.957928802588995,26.36715463570587,0.3608178538019535,21.836469824789084,,,,,,,,,,5420.57,-7.1731193402106985,-11.396888755943724,-14.976519046707814,1.9222163306595652,5745.95,6104.731666666667,5997.799166666667,-5.6627711692583516,-11.20707189150274,-9.624016253739743,-44.99647385324127
2004-08-01,18061.0,4080.0,3099.0,25.55439694125825,4.695379977972292,20.110394360577246,36.45484949832776,5.726872246696035,26.237623762376238,11.715933669790912,9.350741002117147,8.813202247191022,84.81,92.21,18.03,71.56,6.679245283018864,-0.18830175356007173,6.012499999999998,-1.716052014495839,-3.0796720622240925,4.333559628875316,-2.593192868719618,-2.329360780065004,5.934195064629866,25.63202247191012,-4.992033988316502,5.795387344766412,,,,,,,,,,5765.54,6.364090861293192,-3.5514500220815592,-14.591425278570302,2.0299672791430634,5675.183333333333,5940.565,6007.358333333333,1.592136524223875,-2.9462685788304577,-4.025368887877779,-41.49599947234639
2004-09-01,19495.0,4424.0,3822.0,26.590909090909086,10.128799005762069,13.086605951621323,32.73327332733273,12.828360112216263,23.299888517279822,15.051173991571343,14.77477477477478,16.559926806953328,81.99,90.15,18.5,73.42,10.647773279352224,0.47794117647059764,-6.532147742818061,0.25578291814947196,-3.500321130378925,-7.510003077870109,-5.273937532002049,0.32537960954446277,-0.7510729613733891,27.2002772002772,-1.1710862834836466,-3.509002497042979,,,,,,,,,,5845.69,1.3901559957957055,0.10703081117366953,-10.372282929506804,4.175064734175549,5677.266666666667,5827.815,6026.881666666665,2.966627132775135,0.3067187273446459,-3.0063916414486136,-40.68270260123086
2004-10-01,20245.0,4456.0,4194.0,25.457024230030356,9.214004423585266,12.272626441881096,31.21319199057715,13.49974528782476,14.139344262295083,22.38109133352786,31.721105527638183,34.293948126801155,85.33,89.73,19.3,74.15,6.7959949937421715,4.3664383561643705,2.8567984570877503,-5.248152059134103,-4.124372261993803,-5.057665855465032,-9.347111319868473,6.806862202545649,6.570955273329648,18.110863332271432,-1.2649800266311462,-0.9087264466123068,,,,,,,,,,5705.93,-2.390821271740362,5.264391014229153,-6.732474529284172,-5.6109721560531405,5772.386666666668,5759.168333333334,5998.615833333333,-1.1512857766516227,-0.9244100927767174,-4.879222831822727,-42.10087316526213
2004-11-01,19752.0,4338.0,3933.0,30.110005928463202,9.362715242788333,14.497710277665066,35.52014995313964,6.323529411764706,12.412542109354764,16.189069423929105,26.911907066795738,38.77911079745942,82.36,90.28,19.65,73.53,5.589743589743579,-2.8888102818063977,-3.0716723549488067,-0.11064394777604569,-2.0930484763040824,-5.108261509354639,-6.205250596658718,8.985024958402654,6.446370530877554,22.71361815754338,2.7529346003353883,-2.3765268189059885,,,,,,,,,,5844.76,2.4330827752881534,1.3740256766929138,-2.2262221805869675,1.2646034058876099,5798.793333333334,5736.988333333334,6004.698333333333,0.7926936523575456,1.8785408023315409,-2.6635531787747246,-40.692139483203874
2004-12-01,19797.0,4243.0,3848.0,25.975182946229715,1.54911515773275,11.834820924189348,23.12826465467208,-4.091320072332727,8.212190767661308,19.059405940594054,0.6802721088435382,15.555555555555545,81.45,95.05,19.05,76.21,-4.580599812558573,-0.6586169045005419,-0.18382352941175295,-6.42843079346328,5.435385468663334,1.744808392207231,-11.10592627158189,2.972972972972987,3.308026030368749,12.870260663507116,3.800054481067816,2.5844662807914753,,,,,,,,,,6139.69,5.046058349701266,5.029346407353108,5.141760168783316,4.2270090600591725,5896.793333333334,5787.03,6025.448333333334,4.119131414927191,6.093972210270215,1.8959861631319797,-37.69943023556691
2005-01-01,18422.0,3879.0,3010.0,32.208985216018384,-9.004692516670787,-0.6203808599018146,26.889106967615305,-12.948833034111306,-1.1971472236372849,7.461620849696526,-28.230805913209345,-5.4648241206030175,82.33,94.78,18.85,74.2,5.5648160020515425,-3.515762334466188,0.6971624266144838,11.022607473351286,5.627995096400307,1.2715033657441976,22.006472491909392,-2.3316062176165775,4.316546762589923,20.376378974691754,0.06743088334457692,-1.1984021304926706,,,,,,,,,,5994.23,-2.3691749909197424,5.0526382202375375,10.583019866914366,-5.978467165878754,5992.893333333333,5882.639999999999,5993.685833333333,0.022304195858646736,1.8969374294534491,0.00907899882973684,-39.175439753626364
2005-02-01,16192.0,3554.0,3011.0,7.681053401609361,-18.023491292021067,-10.34826421571342,9.962871287128717,-18.07284462886123,-12.892156862745097,5.723314606741581,-23.442664632595978,-2.8396256857050717,71.62,68.57,16.13,58.12,-10.47499999999999,-13.040310830500236,-15.552411272255629,-22.414573432903374,-24.047408063801512,-25.637132632035573,-5.229142185663926,-17.913486005089062,-10.537992235163628,-14.074512123004146,-20.95743234054128,-18.781442146450534,,,,,,,,,,6207.83,3.5634268288003756,6.211888939836707,7.671267565570616,-8.039504987749124,6113.916666666667,5956.355,5948.46,1.536058445895283,4.221961249791195,4.360288209049057,-37.00800105530724
2005-03-01,20900.0,4196.0,3550.0,21.236730668832294,5.571551245138151,7.206976147730182,16.945373467112603,-1.1077068112184785,-5.153707052441225,8.26471485208906,-7.744282744282749,-7.116692830978543,85.62,93.54,19.96,78.52,-2.39398084815321,5.119705340699809,4.427369191364816,-4.032009849184359,-1.5886375591793733,3.760399334442588,7.081545064377681,4.776902887139101,7.8918918918919,3.193586542252591,3.0310982810654696,6.946336148188492,,,,,,,,,,6005.88,-3.253149651327436,-2.1794259970780216,2.7403095271901323,-7.916206059621067,6069.313333333334,5983.053333333333,5905.434166666666,-1.045148435243104,0.3815220322288093,1.7009051409005993,-39.057225049340694
2005-04-01,20813.0,4254.0,3802.0,15.422582076308778,12.979046791879266,2.8056310200049506,8.965163934426235,9.667440061871613,-4.533213644524237,21.74191482548831,26.31229235880399,-9.346685741535532,82.46,91.93,19.85,74.22,-0.6027000964320184,0.1579011296003907,-3.3634126333059955,-2.729869855041789,-3.006963494408099,2.4517998439763655,9.607951408061854,5.305039787798416,2.849740932642497,-0.8151810771081069,0.026954177897575704,0.09440323668239436,,,,,,,,,,5818.07,-3.1271021066022087,-2.938826171167941,1.9653237947188096,-4.8994656584627645,6010.593333333333,6001.743333333333,5880.455833333333,-3.203067029433593,-3.060333025459827,-1.0609013161819836,-40.962967848644595
2005-05-01,19520.0,4384.0,3553.0,13.15286070372732,20.553359683794458,-1.174564601053063,13.604560767038087,23.353967360720308,1.0603964960811396,25.370501058574458,18.00066423115243,-9.661835748792269,82.48,89.23,20.19,75.36,-2.9304460397787446,15.163362189332585,0.14570179698882857,-6.211898255202852,30.129794370716077,-1.1630482941958342,9.371614301191777,25.17048977061378,2.7480916030534486,0.05310674455656361,29.66276668960772,2.4887800897592793,,,,,,,,,,6011.56,3.3256732902835706,-3.161652300401263,2.8538383098707154,0.5640833478313345,5945.170000000001,6029.543333333332,5883.265833333334,1.1167048208882147,-0.2982536543673864,2.180662412699075,-38.99958903901085
2005-06-01,20658.0,4610.0,4033.0,16.698678115467168,-1.1578947368421022,4.349143809668132,17.572047946952306,9.86653956148713,8.64954041951449,21.111111111111104,13.605633802816897,4.807692307692313,80.77,88.01,21.14,73.81,-1.0171568627450944,-5.664564354122881,-0.8348680171884726,-5.791051166773709,-5.911909343596323,-7.406628090478684,14.64208242950107,5.9118236472945895,10.971128608923886,-0.6461165701978744,-5.99847172694854,-3.1491930192887985,,,,,,,,,,6241.94,3.8322831344941966,3.9304814615010564,1.6653935296407463,6.892784239584615,6023.856666666667,6046.585,5916.8075,3.6203273982282624,3.2308319489430692,5.49506638503956,-36.661880577780714
2005-07-01,20154.0,4760.0,3855.0,8.723094351836869,-3.166290299332153,9.401802193030061,21.242995415180843,11.894687353079458,22.712039185357046,21.07412060301508,1.3940031562335697,28.07308970099667,80.97,88.57,21.0,69.26,-0.9662426614481467,-1.8069366965801525,-1.651888740434837,-5.363820921038586,-3.654954856956394,-6.55201519307872,16.21472053126729,5.793450881612072,11.405835543766575,-7.77629826897469,-6.68283481541363,-6.65768194070081,,,,,,,,,,6311.98,1.1220870434512253,8.489241277605796,5.300931062037995,16.44494951637927,6188.493333333333,6099.543333333334,5991.091666666666,1.9954237649659534,3.4828290423927655,5.356091196512591,-35.951171746178325
2005-08-01,22152.0,5137.0,4253.0,22.651016001328838,13.483606557377058,36.80830039525691,25.906862745098035,17.176094890510953,44.54136184580755,37.23781865117779,19.70166056853364,41.24875456658916,85.09,93.33,22.94,70.13,0.3301497464921699,3.164403491755574,18.807595643674958,1.214618804901857,4.594867197131003,36.10908560595014,27.23239046034387,13.620604259534419,42.21946683199009,-1.9983230855226464,-6.940021231422511,20.6641431520991,,,,,,,,,,6033.47,-4.412403081125083,0.36446446513052067,-2.8087109344166916,4.6470929002313754,6195.796666666666,6070.483333333333,6013.419166666667,-2.619948255241844,-0.6097262985648944,0.33343481932006647,-38.777264217474475
2005-09-01,23779.0,5518.0,4883.0,21.974865350089768,15.107948494529966,13.775119617224885,24.728752260397833,19.69631236442517,31.506196377502384,27.760334903192053,21.076121993553176,37.549295774647895,83.37,90.04,23.42,70.05,1.6831320892791934,3.2190169617432263,-2.627890679747724,-0.12201885745979357,2.3065560731734935,-3.741714774428051,26.59459459459461,10.785241248817412,17.334669338677354,-4.590029964587316,-5.094160682834314,-10.787060621497702,,,,,,,,,,6118.61,1.4111282562107696,-1.9758280278246776,1.8769938793315788,4.668738848621801,6154.686666666667,6089.2716666666665,6036.162499999999,-0.5861657728582048,0.4818036530367831,1.3658926511670222,-37.913332893622
2005-10-01,24612.0,5714.0,5248.0,21.570758211904174,22.119678475736837,18.253014942583956,28.23159784560143,20.042016806722685,34.32063939821344,25.131139723414407,36.1348897535668,38.03261441346659,86.73,89.03,24.24,71.17,1.6406890894175685,7.113745831789564,5.178268251273366,-0.7801181321743011,0.5193632155357397,-3.154574132492116,25.59585492227978,15.428571428571413,22.115869017632228,-4.018880647336487,2.7577245163153297,-4.1094044731878165,,,,,,,,,,5764.3,-5.790694291677346,-8.676833576785725,-0.924189636769579,1.0229708391094938,5972.126666666667,6080.31,6041.026666666668,-3.4799440511978474,-5.197267902458924,-4.58078869596118,-41.508581981643744
2005-11-01,24607.0,5635.0,5634.0,24.579789388416362,11.082520765619353,26.06045081967212,29.89857076994007,9.694374148335605,28.535583941605847,43.24942791762014,32.47119680225723,58.570222347312125,84.32,90.08,24.51,71.02,2.3797960174842148,-0.904924197908108,2.2308438409311293,-0.22153300841826207,-3.482267223829427,0.9525944189173963,24.732824427480928,6.843940714908459,21.396731054977703,-3.413572691418476,1.2690717239412619,-5.759023354564762,,,,,,,,,,6203.47,7.618791527158542,2.8176157335662477,3.192349406809547,6.1372922070367375,6028.793333333334,6112.294999999999,6070.919166666667,2.897373603783615,1.4916655691520342,2.183373385386589,-37.052242781546326
2005-12-01,24590.0,5547.0,5342.0,24.210739000858705,3.410572353757524,19.03378836286185,30.732971953806263,0.5255527364987245,20.32537960954446,38.82536382536384,9.399959041572803,32.457227870071904,83.33,92.96,24.59,73.98,2.308164518109268,-0.04797888928872451,3.1694936238702454,-2.1988427143608713,3.2430031097290035,5.624360868083156,29.081364829396318,4.995730145175048,16.3197729422895,-2.926125180422501,5.610278372591027,0.23032109470262352,,,,,,,,,,6548.34,5.559307935719837,7.023327193594642,4.908730298593067,6.655873505014109,6172.036666666667,6163.361666666667,6104.973333333332,6.096906963719695,6.246239538650045,7.262384984482617,-33.55278311914317
2006-01-01,22108.0,5009.0,4753.0,20.008685267614812,-10.173898911100277,9.69534583705467,29.13121938643981,-12.338116905845297,5.2310924369747935,57.90697674418605,-9.432164634146345,23.294422827496764,81.35,89.8,22.99,69.86,-1.1903315923721625,-6.20315922979362,0.4693096208472136,-5.254273053386793,0.8648770077501977,1.3887320763238176,21.96286472148539,-5.1567656765676535,9.47619047619046,-5.849056603773595,-1.8406632007868517,0.8663008951775852,,,,,,,,,,6532.18,-0.24678009999480333,13.321305275575535,3.48860420977255,8.974463775997933,6427.996666666667,6200.061666666667,6149.802499999999,1.620774538879144,5.356694032881926,6.217719999951243,-33.716761627405525
2006-02-01,20262.0,4609.0,4311.0,25.135869565217384,-17.65757711220385,-8.531960996749731,29.684862127180644,-18.20763087843833,-10.278372591006423,43.17502490866823,-23.482428115015974,1.363743240065829,73.99,72.32,22.26,63.21,3.3091315275062705,-12.25094876660342,-13.0450111646492,5.468863934665302,-19.715808170515103,-22.5115182685096,38.003719776813405,-9.179926560587514,-2.964254577157799,8.757742601514117,-10.996902281047582,-9.867389134464554,,,,,,,,,,6561.63,0.4508448940476306,5.7735428719732695,8.753834857884435,5.699254006633558,6547.383333333334,6288.088333333333,6179.285833333332,0.2175932879038056,4.3501562345524825,6.187513848350612,-33.417927031593265
2006-03-01,24939.0,5577.0,5328.0,19.325358851674636,1.4192761285075184,4.878253921527409,32.91229742612012,0.5408328826392639,1.0692279811525873,50.08450704225351,-0.2620741295395024,9.11325005119803,84.35,91.68,25.44,79.49,-1.4832982947909468,1.2240489619584682,1.1754827875734453,-1.9884541372674813,-1.376936316695343,1.8214127054642315,27.454909819639273,3.4566897112647377,8.625106746370626,1.235354049923587,7.447958907812913,13.476088508208427,,,,,,,,,,6613.97,0.7976676527021498,1.0022387353130657,8.095956434549677,10.124910920631125,6569.259999999999,6370.6483333333335,6229.96,0.6805941612906263,3.8194176469218633,6.1639240059326195,-32.88682337302574
2006-04-01,24680.0,5631.0,5079.0,18.57973382020852,11.633797720282256,0.27628798959857814,32.36953455571228,12.417648233180278,-1.4525726286314322,33.58758548132561,6.85882600462866,-3.2202743902439046,83.43,85.95,24.47,73.67,1.1763279165656337,2.55685310387217,-3.804911795226562,-6.504949418035466,-4.2873051224944225,-3.4595080310007797,23.274559193954648,6.437581557198779,0.9488448844884534,-0.7410401509027165,5.453764672201555,3.5127160320359785,,,,,,,,,,7171.77,8.433663896268051,9.791371333919162,24.41701507555125,23.267165915844966,6782.456666666668,6605.2266666666665,6342.768333333333,5.740004727883741,8.577197451715012,13.07002909612811,-27.226723626198
2006-05-01,24599.0,5475.0,4454.0,26.019467213114744,21.404599743361953,-0.03251107408460685,24.88594890510949,18.789325233239307,-2.839396628216506,25.35885167464116,3.3170958014381746,-20.944266950656733,87.36,89.89,24.79,75.51,5.916585838991262,18.070009460737936,3.6053130929791344,0.7396615488064473,24.29480088495577,-0.2109236234458245,22.783556215948476,11.365678346810416,1.1423908608731104,0.1990445859872736,19.45894636924539,6.322162771050421,,,,,,,,,,6846.95,-4.529146919100868,4.348309794974714,10.372904197167054,13.896392949583802,6877.563333333334,6712.473333333332,6412.384166666667,-0.4451188865824296,2.003384743427916,6.776977517852489,-30.522732231010817
2006-06-01,24915.0,5631.0,4785.0,20.607028753993607,-0.09623481294358527,1.3216754778365258,22.147505422993486,0.968262506724038,1.5143320713899344,18.646169104884702,-10.191441441441441,-10.426806439535753,84.03,88.03,24.24,74.0,4.036152036647267,-0.37937166567870717,0.840033601344059,0.022724690376096923,-3.9812390924956476,-5.303356282271943,14.664143803216634,-4.716981132075482,-1.4233428222854894,0.2574176940793871,-6.906529123160143,0.02703433360367047,,,,,,,,,,6704.41,-2.0818028465229066,1.3674086819262854,2.3833521167196503,7.409074742788313,6907.71,6738.485000000001,6450.923333333333,-2.943088230397628,-0.5056774631092997,3.9294633274719937,-31.969111969111975
2006-07-01,24068.0,5709.0,4504.0,19.42046243921802,-2.4797406807131273,8.865569024787412,19.93697478991596,1.3851891315929565,13.974845278498705,16.83527885862517,-11.321126205946053,-5.2387965495476525,81.77,88.55,24.53,73.41,0.9880202544152228,-1.989691957329509,0.5162876459741783,-0.02258100937111429,3.025014543339144,-1.3919821826280598,16.809523809523807,0.2451982018798704,6.698564593301448,5.991914524978337,-0.3529252070042177,5.081591754938453,,,,,,,,,,6454.58,-3.72635325106907,-10.000181266270403,-1.1879648141967958,2.2591960050570625,6668.6466666666665,6725.551666666667,6462.806666666667,-3.2100466161550045,-4.028987956626118,-0.12729247664328147,-34.50418317698213
2006-08-01,26212.0,6312.0,4685.0,18.32791621524017,6.557177121021174,29.36531438160104,22.87327233794043,15.28767123287671,36.94944673464959,10.157535857042088,5.186349348899855,8.67548132683833,83.72,91.11,26.13,74.04,-1.6100599365377888,-4.1666666666666625,13.150425733207193,-2.3786563805850203,1.357214373122706,25.981747787610622,13.905841325196144,5.405405405405395,17.38544474393531,5.575360045629552,-1.9467620182757273,17.133364973896548,,,,,,,,,,6611.77,2.4353249940352484,-3.4348140412884476,0.7641393982897648,9.584865757184513,6590.253333333334,6733.908333333333,6510.998333333333,0.3264922542178361,-1.8137807538712525,1.547714520993848,-32.909147179843636
2006-09-01,26630.0,6375.0,5286.0,11.989570629547085,6.883403572145297,6.780544528649912,15.530989488945268,13.21257325519445,14.308768154921992,8.253123080073731,10.470219435736672,-0.7882882882882858,79.79,86.73,26.43,71.74,-4.294110591339805,-5.045816970129713,-5.406046235921735,-3.676143936028431,-1.4767692831989088,-5.399214659685869,12.852263023057198,9.034653465346532,3.891509433962259,2.4125624553890113,-3.054054054054056,-9.749654044533907,,,,,,,,,,6883.05,4.1029860385343175,2.664514849181354,4.068358338486555,12.49368729172149,6649.8,6778.755,6574.701666666667,3.5076242894523046,1.5385568588922371,4.689921291739219,-30.156418855499012
2006-10-01,27293.0,6272.0,5786.0,10.893060295790669,13.399534651819845,10.587520259319284,9.765488274413725,9.861622000350323,11.383413248090935,10.251524390243905,28.463587921847243,13.92006300452846,79.26,87.54,26.69,71.62,-8.612936700103768,-3.0695854225265884,-4.998202085580727,-1.673593170841281,-1.14059853190287,1.8499127399651094,10.10726072607262,8.805544231553197,9.072333469554561,0.6322888857664744,-2.4383598964718645,-2.7826795167639418,,,,,,,,,,7021.32,2.0088478218231565,8.78043187937867,-2.0978084907909866,21.806984369307635,6838.713333333333,6753.68,6679.453333333334,2.6701903964390983,3.96287653545917,5.118183324383829,-28.753367596994416
2006-11-01,27216.0,6212.0,6521.0,10.602674035843451,3.8303067297420945,10.638643847310858,10.239574090505776,-1.584283903675543,13.461187214611869,15.743698970536023,39.18890074706509,46.407723394701385,82.31,87.52,26.21,71.02,-2.3837760910815797,-1.684185379837555,-5.780677655677657,-2.841918294849022,-3.9402919547799398,-2.636555790410511,6.935944512443903,0.3061615001913598,5.728116175877385,0.0,-4.0788762830902385,-5.946232287114306,,,,,,,,,,7567.72,7.7820124990742645,14.458306928401932,10.526876930604146,21.991723986736456,7157.363333333334,6873.808333333334,6793.140833333334,5.73334966461112,10.095010407864624,11.402371681533175,-23.20894575822303
2006-12-01,26388.0,6011.0,6242.0,7.31191541276941,-0.9087495306045801,5.912101143889226,8.364881918153966,-5.709803921568623,6.748357307760622,16.847622613253456,18.085508891411273,30.44932079414837,82.32,89.54,24.2,73.43,-1.2120484819392874,3.170823411455048,-2.034987504462704,-3.679001721170383,3.239940043814138,1.7153243212541192,-1.5860105734038288,-8.437381763147943,-0.16501650165016146,-0.7434441741011044,2.355729021466413,-0.7702702702702569,,,,,,,,,,7823.72,3.382789003821496,13.66647053268537,16.695130518569123,19.476386381892198,7470.920000000001,7060.360000000001,6899.422500000001,4.722309969856453,10.811913273544116,13.396737190685148,-20.6112664194136
2007-01-01,25925.0,5991.0,5831.0,17.265243350823223,-5.012274209504264,7.7156390227688165,19.60471151926533,-4.480229591836737,4.939569101418817,22.68041237113403,0.7777393708952696,29.462699822380102,83.41,92.14,25.27,75.22,2.5322679778733814,5.235932374463781,2.005625535037292,2.6057906458797353,5.254740689970294,4.054206662902327,9.917355371900838,-5.320344698388912,3.016714227476558,7.672487832808472,5.026528902541183,2.4656041411251994,,,,,,,,,,7699.64,-1.5859463273225516,9.660861490432016,19.28955873193918,17.872440747193117,7697.026666666668,7267.87,6996.710833333334,0.03395250460349608,5.940805215283174,10.046565928061657,-21.87032912394279
2007-02-01,21918.0,4971.0,5252.0,8.17293455729937,-19.466490299823636,-16.381809858080267,7.854198307658922,-19.977462974887317,-21.24524714828897,21.827882161911383,-19.460205489955527,12.10245464247599,71.81,69.66,21.09,58.27,-2.9463441005541213,-12.756651682663101,-14.225991399904437,-3.678097345132736,-20.40676416819013,-23.542970036219955,-5.256064690026962,-19.53452880579931,-19.28817451205511,-7.815219110900173,-17.952689383272315,-21.299297676931396,,,,,,,,,,7901.96,2.627655318949973,4.416653893114431,19.513534197348047,20.426784198438487,7808.44,7482.901666666668,7108.405,1.1976784095158566,5.60021168258924,11.16361546647948,-19.817350671489965
2007-03-01,28032.0,6195.0,6638.0,12.402261518104174,6.230104592996821,5.264739016147213,11.081226465841842,3.061054732989521,-2.8235294117647025,24.587087087087077,6.344120474206982,25.57699583806281,86.17,90.79,26.52,77.23,2.1576763485477324,4.676870748299322,7.9959894723649505,-0.9707678883071558,1.3960241232968462,4.681194511702991,4.245283018867907,9.58677685950413,0.34052213393871433,-2.843124921373752,5.1749965953969745,7.6526345135210505,,,,,,,,,,7884.41,-0.2220967962379028,0.775717944916221,14.54820174196032,19.20843305911577,7828.670000000001,7649.794999999999,7214.275000000001,0.7119983343275349,3.066944931204052,9.289013795565037,-19.99543376678725
2007-04-01,27462.0,6060.0,5928.0,11.272285251215553,5.928640308582445,0.6192063899168376,7.6185402237613165,1.1517275913870861,-3.380102040816324,16.71588895451861,1.663522551877894,2.4541997926028403,86.15,84.97,26.84,75.08,3.260218146949545,3.2849778204052438,8.692909412061578,-1.140197789412456,-7.781636639895817,-2.935800776787767,9.685328974254205,6.212900672734478,0.5620082427875595,1.9139405456766623,-0.18612071257644303,4.8310527785534685,,,,,,,,,,7875.42,-0.11402248234173573,2.2829638788306905,12.164379347473119,9.81138547387883,7887.263333333333,7792.145,7272.912499999999,-0.15015770150947905,1.0687044453099759,8.28426713507142,-20.086656959193107
2007-05-01,27528.0,5952.0,5684.0,11.9069880889467,25.595401040240894,1.1463844797178213,8.712328767123289,19.734459867229926,-4.185447520927232,27.61562640323305,8.225437928408219,-12.835454684864288,90.03,90.96,29.38,78.12,3.0563186813186816,25.37251079236875,9.379176284777069,1.1903437534764638,30.577088716623592,3.9305301645338186,18.515530455828966,39.307728781413,12.094620373903076,3.456495828367112,34.06555689033808,9.99718389186146,,,,,,,,,,8144.95,3.422420645502089,3.075059858566731,7.627528502640146,18.957345971563978,7968.260000000001,7888.349999999999,7381.079166666666,2.2174226242617445,3.2528982613601043,10.349039972135966,-17.351686208453632
2007-06-01,28698.0,6457.0,5879.0,15.183624322697176,2.3758561643835607,8.753979081400631,14.668797726869109,4.229217110573047,7.419730494094168,22.863113897596655,-11.434166917746314,-5.815443768023066,87.7,85.59,30.05,73.19,4.367487801975489,1.77555993965417,6.5354713313897195,-2.7717823469271763,-5.72750302896795,-4.411436229618049,23.96864686468647,13.31070889894419,24.173553719008268,-1.0945945945946,-5.2311278000776955,-0.3268418902356074,,,,,,,,,,8883.21,9.064021264710021,12.668037303996105,13.542023487548116,32.498012502218685,8301.193333333335,8064.931666666666,7562.645833333333,7.011240954111786,10.146128537150245,17.461668783246598,-9.860425471463596
2007-07-01,29723.0,6932.0,5884.0,23.49592820342363,8.233194960308786,14.649951783992288,21.422315641968815,14.389438943894394,15.706893673844103,30.63943161634104,-0.7422402159244279,0.908935002572453,91.65,88.72,31.35,76.27,12.08267090620032,6.384213580963438,9.878911401510626,0.19198193111236161,4.413322349064375,-3.711742999782941,27.802690582959634,16.803278688524603,24.06015037593985,3.895926985424336,1.5849760255727263,1.3959053443233227,,,,,,,,,,9287.25,4.548355830831441,17.92704389099249,20.619275706396657,43.88620173582169,8771.803333333333,8329.533333333333,7798.701666666667,5.876176734468519,11.497843016415498,19.087130101356607,-5.760556877508261
2007-08-01,30488.0,7423.0,6171.0,16.313139020296052,10.752688172043001,39.10028287252487,17.60139416983524,24.7143817204301,49.32609132971233,31.71824973319104,8.567909922589735,17.498095963442495,92.63,91.49,32.29,74.03,10.642618251313895,2.8879262468066047,28.993176437822022,0.41707825705190604,0.5826737027264661,31.337927074361183,23.574435514734017,9.904697072838676,53.10573731626362,-0.013506212857916644,-5.235535074244757,27.04650763686287,,,,,,,,,,8982.16,-3.285041320089377,10.278884462151394,13.670026170722194,35.85106559968057,9050.873333333333,8509.566666666666,7996.234166666666,-0.7591900892068626,5.553670966402535,12.329876949368156,-8.856361523904244
2007-09-01,30919.0,7496.0,6793.0,16.105895606458876,7.739215276325884,10.298944063926951,17.584313725490187,16.091063961592077,21.00080710250203,28.509269769201673,15.546861711175364,2.335040674902089,86.84,82.37,32.62,69.67,8.835693695951875,-0.9806157354617984,0.7775327840315649,-5.02709558399631,-3.762121743194302,-9.274149135367338,23.420355656450997,8.552412645590678,23.00150829562593,-2.8854195706718655,-4.809400191282953,-9.78894212093746,,,,,,,,,,9476.52,5.503798640861457,6.6790045490312755,20.19314064083426,37.67908122126094,9248.643333333335,8774.918333333333,8212.356666666667,2.4638929024905387,7.995535001180465,15.393429494659895,-3.839999188225207
2007-10-01,32200.0,7526.0,7043.0,17.97896896640163,8.333613699828412,17.25293132328307,19.993622448979597,8.568955568378534,24.19141914191418,21.72485309367438,19.697484704282807,18.809041835357633,92.38,89.68,35.42,77.2,16.553116326015637,0.7965084560829228,7.231572838073119,2.444596755768802,1.082055906221835,5.543132870424872,32.70887973023604,12.982456140350873,31.967213114754102,7.79111979893885,1.2193523010358032,2.823654768247219,,,,,,,,,,9711.37,2.478230405254256,4.566690893429182,23.312407465252647,38.31259649182777,9390.016666666668,9080.91,8436.5275,3.4222871453902126,6.9426962716291785,15.11098612551196,-1.456932810415068
2007-11-01,31892.0,7330.0,7240.0,17.18106995884774,4.605090527420619,15.852949723917465,17.997424339987123,-1.2528627239660528,23.1518817204301,11.02591627051066,17.32296224274834,27.375087966220967,90.31,86.89,34.25,74.98,9.719353662981423,-2.504588146388853,0.3110074419637954,-0.7198354661791528,-5.027871898568148,-4.474494283201402,30.67531476535672,6.069990709197892,16.57590197413206,5.575894114334012,1.283263541807389,-4.019457245263702,,,,,,,,,,8586.4,-11.584050448083028,-4.4060671375259375,5.419922774234331,13.4608574313003,9258.096666666668,9154.485,8521.4175,-7.255234967302515,-6.205537504294356,0.7625785264012697,-12.87221142674495
2007-12-01,31023.0,7133.0,6606.0,17.564802182810357,0.3363627542934733,8.1016098682835,18.66577940442522,-4.842582710779086,10.46925816942852,5.831464274271059,-2.752833799499488,12.366048647729212,90.68,87.48,33.34,76.32,10.155490767735674,4.421925380009206,3.397947548460656,-2.300647755193208,6.20371494476144,2.208201892744488,37.76859504132233,2.2072348252605956,10.948419301164725,3.935721094920308,9.544997846992963,4.276540510998772,,,,,,,,,,8506.28,-0.9331035125314302,-10.238357540531752,-4.243173357378682,8.724238597495827,8934.683333333334,9091.663333333334,8578.297499999999,-4.794835108873475,-6.438682470644352,-0.8395313872012311,-13.685203882312946
2008-01-01,30306.0,6966.0,6275.0,16.898746383799423,-5.881987577639746,1.9614439995962796,16.274411617426132,-7.44087164496412,0.4904789382573549,7.61447436117304,-10.90444412892233,6.645139360978924,92.3,93.98,33.12,77.11,10.658194461095793,-0.08659883091578502,0.7092198581560183,1.9969611460820547,4.794826048171275,5.928764652840401,31.064503363672323,-6.493506493506507,5.645933014354054,2.512629619781981,-0.11658031088083165,1.1013504654517003,,,,,,,,,,7521.13,-11.581443357143195,-22.553357559232122,-19.016608791622925,-2.3184200819778567,8204.603333333334,8797.31,8563.421666666667,-8.33036413298064,-14.506479821672757,-12.171439259190208,-23.681703103516515
2008-02-01,25880.0,6104.0,5437.0,18.076466830915237,-18.851122538567665,-15.11414326948307,22.792194729430705,-16.725784447476123,-17.76909605280884,3.522467631378512,-24.903314917127073,-11.894344514665367,80.85,69.03,29.23,63.14,12.588775936499076,-10.47503045066992,-12.717262226060678,-0.9043927648578753,-20.554724364138565,-24.549131052574047,38.596491228070185,-14.656934306569347,-9.476618148033445,8.357645443624495,-15.790877567351302,-14.71025260029718,,,,,,,,,,8412.76,11.855000511891166,-2.022267772291053,-6.3392324340693085,6.464219003892713,8146.723333333335,8702.41,8605.988333333333,3.265566483375504,-3.3283883429992334,-2.2452776584056755,-14.63416861577177
2008-03-01,31617.0,7131.0,7172.0,12.788955479452046,1.9147084421235805,2.2575115624696718,15.108958837772391,-0.028038693396892356,-4.869263607257201,8.04459174450136,8.56796851347259,5.579272780803768,90.61,85.76,34.96,77.26,5.152605315074843,-0.07719453021615141,4.341317365269459,-5.540257737636301,-1.9661636945587535,4.115576059244863,31.825037707390646,4.859028194361126,7.173513182096891,0.03884500841642158,1.231656184486396,10.894215587770928,,,,,,,,,,8572.59,1.8998521293844162,0.7795417033062524,-9.538628103987545,8.728363948602368,8168.826666666668,8551.755,8663.336666666668,4.942733513748188,0.24363420140076641,-1.0474793968913598,-13.012344050451807
2008-04-01,31769.0,7155.0,7097.0,15.683489913334792,4.827426912162602,-1.3385093167701867,18.069306930693063,2.7131782945736482,-4.929577464788737,19.7199730094467,13.099601593625486,0.7667187278148413,90.36,86.43,34.59,78.14,4.886825304701103,-2.101841820151673,-2.1866204806235023,1.7182535012357336,-8.033624175356458,-3.623996431757359,28.874813710879298,4.438405797101463,-2.3433088650479883,4.0756526371870105,1.335754117494492,1.2176165803108763,,,,,,,,,,8919.92,4.051634336880694,18.598136184323355,-8.149725527912132,13.262784714973929,8635.090000000002,8419.846666666666,8750.378333333334,3.298518023552721,5.939221379328363,1.9375352722844186,-9.487922313152275
2008-05-01,31511.0,7018.0,6687.0,14.46890438825923,21.758114374034008,-1.194656967264518,17.90994623655915,14.973787680209693,-4.256480218281034,17.64602392681209,22.99061982711055,-7.6381215469613295,94.01,86.22,34.72,78.42,4.420748639342453,16.27705627705629,4.0969992248920395,-5.211081794195249,24.902216427640145,-0.771089883761078,18.175629680054463,18.782073212452953,1.3722627737226212,0.38402457757296116,24.20019005384859,4.5878901040277364,,,,,,,,,,8619.08,-3.372675988125451,2.4524650649727198,0.38060188204602774,5.8211529843645415,8703.863333333335,8425.293333333335,8789.889166666668,-0.9740885177808134,2.30005839559293,-1.9432459662223733,-12.540601423650056
2008-06-01,31362.0,7092.0,6583.0,9.282876855529999,-0.806528133599016,1.0927376462624538,9.83428836921172,-0.5469078670593208,-0.5747932146361934,11.974825650620847,-8.212493028443946,-0.34816833181955387,90.7,80.92,34.39,75.06,3.420752565564422,0.09932678512305504,0.022055580061741686,-5.456244888421546,-5.643656716417911,-7.4988568815729355,14.442595673876868,-1.6304347826086918,3.149370125974804,2.5549938516190807,-2.8475278281128724,-1.6509433962264008,,,,,,,,,,7523.54,-12.71063733020229,-12.237258518137462,-11.553111348321487,-15.306066163019894,8354.180000000002,8261.503333333332,8676.583333333334,-9.942807073824145,-8.932555051522083,-13.28914031060614,-23.657248387866005
2008-07-01,31365.0,7528.0,6810.0,5.5243414191030515,-1.2716799395637302,3.4943575529598148,8.597807270628977,5.2131376659678486,8.067757680160792,15.737593473827328,-4.043962237565168,8.525896414342625,90.22,86.63,35.99,73.36,-1.5602836879432647,-0.1549358123063338,-2.2535211267605604,-2.3557258791704228,0.23140113386554972,-7.820812938923183,14.800637958532704,4.04741254697889,8.665458937198078,-3.8153926838861874,-6.117225492705403,-4.863182466606142,,,,,,,,,,7024.06,-6.638896051592724,-21.254226495304884,-6.608980299502864,-24.3687851624539,7722.226666666668,8178.658333333334,8487.984166666667,-9.041001990790232,-14.117209526012308,-17.247018113154265,-28.725564310321204
2008-08-01,32130.0,7737.0,6916.0,5.385725531356589,1.9643933864364804,24.149922720247297,4.230095648659571,10.245084069535482,26.752948885976412,12.072597634094961,3.4245551069238767,27.202501379437184,84.2,83.54,37.88,71.92,-9.100723307783642,-10.435060099989368,4.143475572047017,-8.6894742594819,-3.1083275342147942,21.01984644357526,17.311861257355222,9.10138248847927,29.59288402326379,-2.8501958665405946,-8.288701861769955,13.905606588533415,,,,,,,,,,7046.11,0.3139210086473998,-18.249859613787088,-16.24496598024906,-21.55439226199489,7197.903333333335,7950.883333333334,8326.646666666666,-2.1088548470828083,-11.37953225322974,-15.378779933018249,-28.501818882896423
2008-09-01,31791.0,7735.0,7514.0,2.820272324460693,1.3678974555194179,0.5503368441028611,3.1883671291355498,9.066553863508187,8.470060300098158,10.613867216252014,14.142488227252015,4.768544339096481,73.13,78.67,37.45,66.56,-15.787655458314154,-19.37155457552371,-19.29146893278888,-4.491926672332158,-2.780523974295601,-8.267257462686572,14.806866952789722,8.89793544635069,7.1224256292906185,-4.463901248744073,-11.324273914201976,-13.849339891276212,,,,,,,,,,5719.28,-18.83067394633351,-23.981529971263527,-33.28410667021286,-39.647887621194286,6596.4833333333345,7475.331666666668,8013.543333333334,-13.298045170532802,-23.491287677536732,-28.629823760858187,-41.96540824661719
2008-10-01,30413.0,7395.0,7881.0,-5.549689440993788,-3.0352303523035196,-4.268311876357456,-1.7406324740898205,-1.7667375132837448,3.3542976939203273,11.898338776089744,15.726872246696043,11.046921234324358,71.27,80.6,33.44,64.75,-22.851266507902146,-21.004211926402128,-21.126604692341743,-10.124888492417494,-6.960637192658437,-6.745343052180974,-5.590062111801252,-7.085301472631301,-3.3246603064469693,-16.12694300518135,-11.736641221374045,-17.135909905298185,,,,,,,,,,4870.66,-14.83788169140171,-30.657482994165775,-45.395698616131085,-49.84579930535033,5878.683333333334,6800.454999999999,7610.150833333333,-17.147093595221165,-28.377439450742624,-35.99785199176407,-50.57651231107211
2008-11-01,22800.0,5300.0,6406.0,-28.50871691960366,-29.038281979458446,-27.64431468376123,-27.694406548431104,-31.497996639524363,-24.479908805927618,-11.519337016574582,-7.374204742625801,-4.202183340810528,62.37,73.24,24.32,53.46,-30.937880633373936,-25.92636579572447,-33.6559940431869,-15.709517781102544,-12.329423030883424,-15.054511714219442,-28.992700729927,-35.79725448785639,-29.95391705069124,-28.70098692984796,-25.66740823136818,-31.828615149196636,,,,,,,,,,4460.49,-8.421240653217431,-36.69570869600389,-48.24865298848601,-48.051686387776016,5016.81,6107.356666666667,7266.325,-11.089118383993025,-26.9652937686626,-38.61422383391879,-54.73858314857001
2008-12-01,20785.0,4933.0,5078.0,-33.001321600103154,-34.61986096694033,-33.72552770869205,-30.842562736576472,-36.22495151906917,-30.442752397067117,-23.13048743566455,-32.419483630556286,-22.861917059091596,64.6,79.37,19.46,53.0,-28.760476400529345,-11.664159715575007,-28.776185226019855,-9.27069044352995,0.8897928053896109,-1.9154720711814122,-41.63167366526695,-48.03738317757009,-43.413783076475724,-30.555555555555546,-20.372596153846157,-29.389821476152413,,,,,,,,,,4591.22,2.930843920735171,-19.723811388846137,-38.97526962041804,-46.025524671184115,4640.790000000001,5618.636666666666,6940.07,-1.068137105966882,-18.28587124634623,-33.844759490898504,-53.41204166434127
2009-01-01,17675.0,4260.0,4363.0,-41.67821553487758,-41.88340512280932,-43.64737765024709,-38.845822566752794,-42.393509127789045,-43.41126461211478,-30.470119521912352,-44.63900520238548,-35.93245227606461,66.67,59.34,15.11,39.96,-27.768147345612128,-6.454328609513116,-26.1028596763467,-36.85890615024473,-26.377171215880878,-31.50178921851552,-54.3780193236715,-54.81459330143541,-58.01611558766324,-48.177927635844895,-38.28571428571429,-45.528898582333696,,,,,,,,,,4247.97,-7.476226362491889,-12.784509696837787,-39.52258380480804,-43.519524326796635,4433.226666666668,5155.955000000001,6667.306666666666,-4.178822347605382,-17.610413589722963,-36.28656648961699,-56.895062887178526
2009-02-01,20116.0,4741.0,4862.0,-22.27202472952087,-11.7719298245614,-37.391845627139745,-22.32961992136304,-10.547169811320757,-38.723019258110384,-10.575685120470846,-24.102403996253507,-29.699248120300748,70.07,60.23,17.33,46.69,-13.33333333333333,12.345679012345666,-16.781472684085518,-12.74808054469072,-17.763517203713818,-27.902801053387606,-40.711597673623004,-28.74177631578948,-54.25026399155228,-26.05321507760533,-12.66367377478489,-35.08064516129033,,,,,,,,,,4557.15,7.278299987994252,2.167026492605073,-35.323887932490415,-45.8305003352051,4465.446666666668,4741.128333333333,6346.005833333334,2.053620615780094,-3.8804757095445286,-28.18868876446826,-53.75775625447111
2009-03-01,23935.0,5947.0,5841.0,-24.297055381598508,15.155159971133036,-24.71139630713095,-16.603561912775213,20.555442935333467,-23.11570782159017,-18.55828220858896,15.025600630169356,-22.265105137077455,81.85,71.19,23.12,52.08,-9.667807085310676,26.702786377708975,11.9239710105292,-16.989272388059707,-10.30616101801689,-9.508071691877461,-33.86727688787185,18.80781089414183,-38.26435246995995,-32.59125032358271,-1.7358490566037776,-21.754807692307697,,,,,,,,,,5210.84,14.344272187661167,13.495759297093146,-8.889930201004315,-39.21510302020743,4671.986666666668,4656.388333333333,6065.860000000001,11.53370871492212,11.907333043886315,-14.095610515244339,-47.12464294593073
2009-04-01,25125.0,6099.0,5943.0,-20.913469105102457,42.14992927864214,-17.387301482918495,-14.758909853249481,43.16901408450704,-17.525354969574035,-16.260391714809074,36.2136144854458,-24.59078797106966,83.96,73.26,27.84,52.69,-7.082779991146526,25.933703314834244,17.805528272765535,-15.23776466504686,23.458038422649153,-9.106699751861026,-19.51431049436254,84.2488418266049,-16.74641148325359,-32.56974660865114,31.85685685685684,-18.625482625482626,,,,,,,,,,5992.57,15.001995839442394,41.06902826526551,23.0340446674578,-32.818119445017444,5253.520000000001,4843.373333333333,5821.9141666666665,14.067710792002286,23.727195646009804,2.9312667354393973,-39.19228408058895
2009-05-01,25166.0,6223.0,5891.0,-20.13582558471645,25.104394511831373,10.37719298245614,-11.32801367911086,31.259228010968144,17.415094339622648,-11.903693734110965,21.164129987659397,-8.039338120512019,83.68,75.46,30.97,52.36,-10.988192745452608,19.423433709148007,34.16706750040086,-12.479703085131067,25.28640212518678,3.031130529765158,-10.800691244239635,78.70744373918062,27.34375,-33.23131854118847,12.143928035982011,-2.0576131687242816,,,,,,,,,,6890.44,14.983054015222175,51.20064075134678,54.477198693417094,-20.05596885050377,6031.283333333334,5248.365,5677.860833333333,14.245005899794672,31.287362826327826,21.356267831502862,-30.081431158960736
2009-06-01,27936.0,6658.0,6772.0,-10.924048211211023,16.716106120743678,34.40461871541978,-6.119571347997743,11.95560786951404,34.96857895803771,2.871031444630101,15.939051532271865,33.359590389917294,86.19,74.83,33.23,57.43,-4.972436604189645,5.302382406841799,33.42105263157895,-7.525951557093425,5.1130776794493515,-5.720045357187864,-3.3730735678976553,43.72837370242213,70.76053442959915,-23.487876365574213,10.272657450076817,8.358490566037746,,,,,,,,,,6432.16,-6.650954075501703,23.43806372868864,40.096967690504904,-14.506203196899337,6438.39,5555.188333333333,5586.912499999999,-0.09676332126510312,15.786533489863697,15.129062787362436,-34.7316830628263
2009-07-01,28614.0,6928.0,6562.0,-8.770923003347686,13.886567164179109,61.88967468175388,-7.970244420828909,13.592392195441882,62.629107981220656,-3.641703377386196,10.415615009254587,50.40110016044006,87.72,78.82,35.21,60.25,-2.771004211926398,4.478323010957608,31.57342132893355,-9.01535264919774,7.589407589407582,32.8277721604314,-2.167268685746049,26.472701149425284,133.0244870946393,-17.870774263904032,14.348073638261539,50.77577577577577,,,,,,,,,,7077.71,10.036286410785799,18.108090518759077,66.61393559747361,0.7638032704732067,6800.103333333335,6026.811666666666,5591.383333333334,4.082388944089543,17.437052814271368,26.582449781359998,-28.181167839512135
2009-08-01,28286.0,6793.0,6289.0,-11.963896669779018,12.39767940872607,40.6144362696361,-12.201111541941323,9.159569339546847,43.28200801518667,-9.065934065934067,6.756068579188601,29.350061703002872,85.29,76.02,36.18,54.93,1.2945368171021432,1.9239961759082158,21.721136006850305,-9.001675843907119,0.7421150278293265,26.216171343184456,-4.487856388595568,16.822731675815316,108.77091748413159,-23.623470522803114,4.908326967150489,17.648318697793975,,,,,,,,,,6825.95,-3.5570827287357054,-0.9359344250875146,49.78550190360205,-3.124560927944642,6778.6066666666675,6404.945,5573.036666666667,0.6984227830497902,6.573124359381688,22.48169908565707,-30.73582311427253
2009-09-01,30837.0,7716.0,7695.0,-3.0008492969708422,10.384450171821303,28.83643200334238,-0.24563671622495065,15.890657855211776,29.746090465781073,2.4088368379025837,13.629651506202013,31.741140215716477,86.25,78.36,37.76,61.34,17.940653630521,0.06961364427429118,5.375687232742821,-0.39405109952967976,4.717359347855132,10.071639275179113,0.8277703604806286,13.63226000601867,63.32179930795847,-7.842548076923073,6.80828835103604,17.780337941628275,,,,,,,,,,7509.17,10.009156234663319,16.744141936767743,44.1067083234181,31.295722538501348,7137.6100000000015,6788.0,5722.194166666667,5.205664080833761,10.624189746611679,31.22885699585225,-23.803063435126514
2009-10-01,31755.0,7696.0,8325.0,4.4125867227830184,10.977144055357524,26.388059701492537,4.0703177822853265,11.085450346420323,26.184620429578608,5.633802816901401,26.866808899725704,40.08076728924785,85.56,80.72,38.92,63.4,20.050512136944022,-2.4623803009575895,1.9056693663649371,0.14888337468983437,2.4105556965237307,10.182910182910177,16.387559808612462,10.53677932405568,39.79885057471264,-2.0849420849420874,5.228215767634858,20.326437654203833,,,,,,,,,,7340.08,-2.251780156794958,3.7069899727454114,22.486345591290547,50.69990514632514,7225.066666666668,7012.584999999999,5927.979166666667,1.5918653576437292,4.670103820488469,23.820947976228535,-25.51885093277998
2009-11-01,31259.0,7591.0,8578.0,37.10087719298245,10.510499893940462,24.211237383771756,43.22641509433962,11.747387016045941,21.98296641491242,33.90571339369342,36.39688344728891,45.61195043286368,84.8,79.38,39.46,63.66,35.962802629469294,-0.5745104936100476,1.338432122370925,8.383397050791919,4.41988950276242,5.1948051948051965,62.253289473684205,9.065782200110561,27.4136260897643,19.079685746352414,15.892954669579451,21.581359816653922,,,,,,,,,,7582.21,3.298737888415393,11.079190442356012,10.039562059897488,69.98603292463386,7477.153333333335,7127.88,6188.1225,1.4050356062422775,6.37398497168864,22.528440573049412,-23.061913048772453
2009-12-01,31726.0,7552.0,8202.0,52.63892229973539,2.8829004118429147,13.566723940435278,53.09142509629028,-2.12545360290306,13.427455692400114,61.52028357621111,6.5886939571150105,21.116361488481992,90.61,90.75,39.07,71.53,40.26315789473684,5.055072463768107,5.128205128205132,14.337911049514918,15.811638591117916,21.274889750100236,100.77081192189104,3.469279661016955,17.574480890761368,34.96226415094339,16.61232474731007,24.5516280689535,,,,,,,,,,8188.11,7.991073842586793,9.041478618808728,27.299538568692316,78.3427934187427,7703.466666666668,7420.538333333333,6487.863333333334,6.291236845749082,10.343881160463875,26.20657340192636,-16.913733707426225
2010-01-01,30371.0,7421.0,7559.0,71.83026874115983,-4.358368760825071,6.140350877192979,74.2018779342723,-3.573284823284828,7.116050808314078,73.25234930093971,-9.201201201201204,15.193538555318508,91.04,82.02,38.26,68.62,36.55317234138293,6.404862085086505,3.7847697218422294,38.220424671385224,1.610505450941524,4.059883278355758,153.20979483785572,-1.6957862281603342,8.662311843226345,71.72172172172174,8.233438485804424,13.892116182572622,,,,,,,,,,7640.44,-6.688600910344389,4.0920534926049745,7.950735478000648,79.86096888631509,7803.586666666667,7514.326666666667,6770.569166666667,-2.0906625842134208,1.6783051752696343,12.847824339731151,-22.47104247104248
2010-02-01,27406.0,6680.0,6990.0,36.23980910717837,-12.326050097571894,-3.111079686063778,40.89854461084159,-12.00105387959426,-1.6634771087884581,43.767996709173175,-18.512473770109583,11.146446175862623,78.51,69.59,35.69,54.4,12.045097759383495,-7.417452830188676,-7.949349278930706,15.540428357961167,-12.333081380700417,-8.45830044725071,105.94345066358915,-9.553978712620381,-1.354339414040917,16.513171985435847,-14.546025761859882,-0.964864372838159,,,,,,,,,,7436.1,-2.6744533037364238,-1.9270107264240832,8.938682527706776,63.174352391297205,7754.883333333334,7616.018333333333,7010.481666666667,-4.110743123150362,-2.3623673875084683,6.071171048874691,-24.54451823702809
2010-03-01,34387.0,8274.0,8192.0,43.66826822644663,8.387442476202489,11.512144501734923,39.12897259122246,9.5603813559322,7.231726283048201,40.24995719910973,-0.12192148256522373,6.458739441195571,92.19,89.83,42.75,73.59,12.632864996945647,1.7437368943825193,6.886956521739118,26.1834527321253,-1.013774104683196,14.637570188871862,84.90484429065744,9.418991553621714,13.215042372881358,41.301843317972356,2.879910527051588,19.97065536354743,,,,,,,,,,7920.06,6.508250292492024,-3.273649230408471,5.471843093178075,51.99200128961934,7665.533333333334,7684.5,7236.25,3.3204038857918228,3.0653913722428427,9.449784073242352,-19.6336866244882
2010-04-01,33959.0,8125.0,8080.0,35.160199004975134,11.813901419116913,6.940639269406401,33.21856041974094,9.4865921034901,5.57432432432432,35.9582702338886,6.892446090752746,-2.942942942942939,92.41,88.14,44.18,72.95,10.064316341114822,1.5048330404217714,8.006077606358097,20.311220311220303,7.46159473299195,9.192269573835476,58.69252873563218,15.47307893361214,13.514902363823222,38.4513190358702,6.310113669484108,15.06309148264986,,,,,,,,,,8004.25,1.0629969974974784,4.761636764374821,9.048538980501576,33.56957031791035,7786.803333333334,7795.195,7403.889999999999,2.7925023576212737,2.681844392603394,8.108710421143495,-18.779395126307087
2010-05-01,33729.0,8261.0,8203.0,34.026066915679884,23.071590162738076,7.901724303400615,32.74947774385344,23.667664670658684,8.826241601896978,39.246307927346805,17.353361945636614,-4.371648402891115,95.54,86.27,45.34,72.79,14.17304015296368,21.691504266972352,12.665094339622662,14.32547044791943,23.968961057623204,8.67976820357772,46.399741685502114,27.03838610254976,14.901165737455656,39.018334606569915,33.805147058823536,14.341815896952582,,,,,,,,,,7373.98,-7.874191835587352,-0.8353841395355222,-2.7462969239839152,7.0175489518811585,7766.096666666668,7760.490000000001,7444.185,-5.049083001370514,-4.9804844797171395,-0.9430851060257206,-25.174861364086077
2010-06-01,34222.0,8450.0,8548.0,22.501431844215357,-0.4798324948381616,7.867364306877644,26.914989486332242,2.1271452743534036,11.890889830508478,26.22563496751329,4.345703125,4.218483296756892,94.04,85.31,46.29,74.16,9.107785125884682,2.006725241349394,3.785454144134204,14.005078177201668,-5.031726594678831,-5.994490358126714,39.301835690641006,8.280701754385955,18.479651906833894,29.1311161413895,0.7745617611088385,3.67677897385712,,,,,,,,,,7329.37,-0.6049650256713446,-7.458150569566402,-10.487646111251559,13.948813462351684,7569.200000000001,7617.366666666666,7518.952499999999,-3.16849865243356,-3.780790386879096,-2.521395101245816,-25.627527283243456
2010-07-01,33830.0,8355.0,7713.0,18.228839029845535,-0.3798698430460212,11.389154127292489,20.597575057736716,2.8307692307692367,12.585904864573516,17.54038402925937,-4.542079207920791,2.037306522026716,95.08,90.77,46.78,76.24,8.39033287733697,2.88929769505466,4.43760984182775,15.161126617609755,2.9838892670751127,10.668129724457454,32.85998295938655,5.8850158442734335,22.268687924725562,26.539419087136928,4.5099383139136195,11.104634217429311,,,,,,,,,,7760.63,5.883998215399133,-3.043633069931595,1.5730769432126923,9.648883607833604,7487.993333333335,7637.3983333333335,7575.862499999999,3.6409843669732433,1.6135293890436886,2.438897221273506,-21.25145231584128
2010-08-01,34878.0,8637.0,8515.0,23.30481510287774,3.4065640843191414,27.264102751222353,27.145591049609898,4.551507081467143,29.296407185628738,35.39513436158372,3.803486529318545,21.816881258941343,90.22,83.61,46.21,75.46,5.78027904795404,-5.568348335775597,14.91529741434212,9.984214680347293,-3.0833429929291722,20.146572783445894,27.722498618021007,1.9188354653727258,29.47604370972263,37.37484070635353,3.668086275587279,38.71323529411763,,,,,,,,,,7616.28,-1.8600294048292554,3.2858781824740557,2.423044337757685,11.57831510632219,7568.760000000001,7667.428333333333,7641.723333333332,0.6278439268783575,-0.6670859003790275,-0.3329528199790821,-22.716198458642623
2010-09-01,35979.0,8938.0,9401.0,16.674773810681963,5.134124247560057,4.629656556256734,15.837221358216702,5.775147928994073,8.025138989605995,22.170240415854447,9.978942442676653,14.75830078125,85.71,79.98,44.44,74.58,-0.6260869565217431,-8.857932794555524,-7.028961926456234,2.0673813169984845,-6.247802133395853,-10.965156406545695,17.69067796610169,-3.9965435299200713,3.9532163742689974,21.584610368438195,0.5663430420711935,1.3452914798206317,,,,,,,,,,8237.78,8.160151675095983,12.394107542667388,4.011585770814863,9.702936542920204,7871.563333333334,7720.381666666667,7702.440833333333,4.652400687876912,6.701719625692082,6.950253539759976,-16.409723032587685
2010-10-01,35647.0,8818.0,9216.0,12.256337584632337,5.370972509606853,4.97069996171855,14.579002079002068,5.541591861160988,8.529230769230779,10.702702702702705,19.486581096849463,14.05940594059405,89.75,85.18,43.95,77.57,4.897148200093504,-5.605805637358008,-2.8784763553727943,5.525272547076332,-6.15842238625095,-3.3582936237803396,12.923946557040079,-6.049593843522871,-0.5205975554549491,22.35015772870661,1.7444910807974834,6.333104866346795,,,,,,,,,,8287.09,0.5985835989793298,6.783727609743018,3.533622762907207,12.90190297653433,8047.05,7767.521666666667,7781.358333333334,2.9829564871598935,6.68898466756771,6.499272299287928,-15.90936534431936
2010-11-01,35740.0,8545.0,9236.0,14.33507149940818,2.4714719880727154,5.9622283494915385,12.567514161507054,-1.0651846706032142,3.437840455150698,7.670785730939622,8.467410452143277,12.592953797391203,89.02,94.03,46.73,77.96,4.976415094339615,-1.3300820217246767,-6.824366757379119,18.455530360292283,12.462624088027741,8.99501564854528,18.42372022301064,1.1252975546418353,3.065725628584026,22.463085139805216,3.3130135170951425,7.102623986811363,,,,,,,,,,8372.48,1.0303978839375283,9.928731611757978,13.540855820059171,10.42268678920788,8299.116666666669,7933.938333333333,7847.214166666668,0.8839896615502996,5.527414611028614,6.693659968712873,-15.042897224237572
2010-12-01,36567.0,8841.0,8936.0,15.258778289100427,1.6342866672225398,6.852317222839099,17.06832627118644,-1.0852539718057774,4.627218934911248,8.949036820287738,-4.9462823103925135,4.539073467477772,92.67,102.29,46.6,86.93,2.2734797483721536,8.120406020301019,-1.4568268821777974,12.716253443526181,27.894473618404604,19.90387996717853,19.273099564883545,4.860486048604873,0.6696910779866005,21.529428211939063,16.559399302762156,17.219525350593322,,,,,,,,,,8972.5,7.166574300565665,8.91890776398494,22.41843432655195,9.579622159448276,8544.023333333336,8207.793333333333,7912.580000000001,5.014928564099552,9.31683627511739,13.395377993018709,-8.95438333020463
2011-01-01,34458.0,8152.0,8075.0,13.456916137104468,-3.3354840519538853,1.8563405261602162,9.850424471095543,-7.5527330460421815,-2.429682824655899,6.826299775102518,-12.380642361111116,4.693374821729557,94.34,95.96,46.11,78.84,3.624780316344456,5.114206128133714,-0.7782919646613373,16.99585466959277,12.655552946701087,5.7177481546766495,20.517511761630946,4.914675767918086,-1.4322359982898658,14.893617021276583,1.6372308882300013,3.41028331584472,,,,,,,,,,9145.35,1.9264419058233617,10.356590793632027,17.84288131247076,19.69664050761475,8830.11,8438.58,8037.989166666666,3.5700574511529304,8.375461274290231,13.776590268689715,-7.200442417262398
2011-02-01,28872.0,6862.0,6739.0,5.349193607239289,-19.216564073866817,-17.22002408394977,2.7245508982036037,-19.695728496196608,-20.551117286094712,-3.590844062947063,-27.03551320918146,-20.857310628302994,79.89,69.36,41.32,64.26,1.7577378677875455,-10.256122219725905,-11.449789403679889,-0.33050725678976933,-26.236307561416574,-17.043415859346965,15.774726814233686,-11.577145302803327,-10.582125081151272,18.125000000000014,-17.57311441765006,-14.842300556586252,,,,,,,,,,8599.65,-5.966966819203212,2.71329402996483,12.911421323795857,15.647315124863837,8905.833333333336,8602.475,8134.951666666667,-3.4380087957331606,-0.032839386339400534,5.712367477700631,-12.737761226591726
2011-03-01,38986.0,8912.0,9774.0,13.374240265216496,6.615254190937181,8.357653075405103,7.710901619531052,0.8030765750480784,-0.2908928171850511,19.3115234375,9.37779767233662,3.9676630145729197,94.89,89.76,49.25,85.76,2.9287341360234365,2.395597280673356,10.710535526776344,-0.07792496938661131,-12.249486753348327,12.228057014253558,15.204678362573109,5.686695278969944,10.82358235823584,16.5375730398152,-1.3459105027033291,14.990614105658363,,,,,,,,,,8683.3,0.9727140058025663,-3.2231819448314325,5.408253194428569,9.636795680840793,8809.433333333334,8676.728333333334,8198.555,-1.4317984887412538,0.07573899301904774,5.912566299793065,-11.88894920826591
2011-04-01,37406.0,8710.0,9063.0,10.150475573485673,8.555342736084516,4.934496591578541,7.200000000000006,6.8449460255152195,-1.2247675209798192,12.16584158415841,12.235294117647054,-1.66015625,89.91,89.19,47.78,78.18,-2.705334920463154,-4.6957812168751385,0.17827298050139273,1.1912865895166824,-7.055022926219257,4.707677858652248,8.148483476686286,3.621774018651047,8.71444823663252,7.169294037011653,-0.8371385083713823,0.7863864896223038,,,,,,,,,,9007.87,3.7378646367164814,-1.5032776219608857,8.697624859872422,12.53858887466035,8763.606666666668,8796.858333333332,8282.19,2.7872466511124294,2.3987162083433544,8.761933739747585,-8.595477399682395
2011-05-01,37616.0,8549.0,9222.0,11.524207655133555,30.285397617068433,5.249020705092344,3.4862607432514237,24.584669192655205,0.0468110005851452,12.422284530049987,36.845229262501846,-0.1515807708964867,89.72,93.61,50.05,78.65,-6.091689344777063,12.304418575541366,0.7863401482812948,8.50817201808276,34.96251441753171,-0.4466659576730869,10.388178209086885,21.127783155856726,7.104643697838653,8.05055639510921,22.393401805166512,0.8850692662904169,,,,,,,,,,8988.84,-0.21125970956509255,4.525649299680801,7.361737501911025,21.899435582955217,8893.336666666668,8899.585000000001,8416.761666666667,1.0738751597169527,1.0029119335339676,6.796893579617014,-8.78857832865718
2011-06-01,37362.0,8671.0,9561.0,9.175384255741914,-4.165597906940954,2.174091393879718,2.6153846153846194,-2.7042190305206493,-1.9228594050446746,11.850725315863354,-2.1792510742786986,6.994180841539843,85.97,89.71,47.99,78.76,-8.581454700127612,-9.40035830962167,-7.229955756987161,5.157660297737654,-0.05570409982176283,-12.298367386841347,3.6724994599265592,-2.558375634517762,2.9828326180257436,6.202804746494084,-8.162313432835822,-9.39836650178304,,,,,,,,,,8652.59,-3.7407496406655416,-0.3536673845196958,-3.5654499860685362,18.053666276910562,8883.100000000002,8846.266666666668,8527.029999999999,-2.594927446499551,-2.1893604835184877,1.4724939398594872,-12.200569257073857
2011-07-01,37587.0,8416.0,9394.0,11.10552763819095,0.483879591509373,9.080619885077489,0.7301017354877315,-3.3754305396096473,3.238469087340534,21.794373136263445,3.6522122917356237,16.334365325077393,87.18,92.65,47.89,80.33,-8.30879259570887,-3.036369703036357,-7.589569641721427,2.0711688883992663,3.8793586724969353,-3.4493538974572635,2.372808892689182,0.23022185014649477,3.860333983951425,5.3646379853095505,2.750063954975679,1.8899036022323568,,,,,,,,,,8644.18,-0.09719633080961243,-4.037469457263487,-5.480052704379823,11.385029308187612,8761.87,8762.738333333333,8600.659166666666,-1.343206415981979,-1.3529826958581959,0.5060174166883202,-12.28590708222772
2011-08-01,36716.0,8573.0,9356.0,5.269797580136482,-2.3925988940876275,27.1681906345248,-0.7409980317239828,0.28073458884079194,24.934421451471867,9.876688197298877,1.453047061374968,38.83365484493248,82.52,89.64,47.05,80.58,-8.534692972733326,-8.024966562639325,3.2920265364876578,7.212055974165765,-4.240999893173802,29.238754325259507,1.8177883574983733,-5.994005994005991,13.867376573088075,6.785051683010868,2.4539097266369936,25.396825396825374,,,,,,,,,,7741.36,-10.444252664798748,-13.87809773007419,-9.980522463123497,1.642271555142405,8346.043333333335,8619.69,8611.0825,-7.24514969768112,-10.18980961032242,-10.100036783993193,-21.4469885691962
2011-09-01,36958.0,8652.0,9673.0,2.7210317129436667,-1.0813125635672605,-5.2018673369927715,-3.1998209890355733,-0.21912120862646045,-2.9174147217235213,2.893309222423146,1.1714255830979958,-1.0333537957847305,80.63,85.26,43.04,77.15,-5.92696301481741,-6.211469117133883,-15.027927073453473,6.601650412603144,-4.960428045925747,-5.013368983957223,-3.150315031503148,-10.314648885184418,-12.60913705583756,3.4459640654330936,-2.0441848654139116,-10.039645522388064,,,,,,,,,,7225.38,-6.665237115958944,-16.49459872708634,-16.78993009570093,-12.289718832015428,7870.306666666668,8376.703333333333,8526.715833333334,-8.194428679610976,-13.744348910530036,-15.261864694095294,-26.68273304278561
2011-10-01,37205.0,8909.0,9877.0,4.370634274974061,-1.0163088301806456,-0.5373469496872119,1.0319800408255864,5.8578897338402935,2.284730195177964,7.172309027777768,5.141579731743673,8.981573430431421,85.45,90.19,44.71,77.71,-4.791086350974927,-1.9844000917641713,-4.960516071627175,5.881662362056805,-2.6551538046411305,1.1212019284673191,1.7292377701934036,-6.640217164334938,-6.425282544997913,0.180482145159222,-3.26154612224574,-0.6011767715528471,,,,,,,,,,7587.69,5.014407546731103,-12.221980569585556,-15.765991294279347,-8.439633212623498,7518.143333333334,8140.006666666667,8468.432499999999,0.9250510875246976,-6.785211478123287,-10.400301354471441,-23.006306475426065
2011-11-01,36651.0,8760.0,9338.0,2.548964745383331,-0.1770345353524383,-2.5653977031050657,2.5160912814511383,2.181266767759249,2.4681249268920347,1.1043741879601665,-0.1923899102180382,1.2578616352201255,84.75,88.94,42.15,75.08,-4.79667490451583,2.7023751817741193,-5.539456085599637,-5.413166010847603,-0.7809013833110279,-4.988783249652817,-9.800984378343669,-10.414452709883104,-15.784215784215782,-3.694202154951254,-6.825515016133032,-4.539097266370007,,,,,,,,,,6904.12,-9.008934207907803,-10.815153926441868,-23.19231402494649,-17.537933802170926,7239.063333333334,7792.553333333333,8346.069166666666,-4.626887732713136,-11.401055537637216,-17.2769855829336,-29.942617669293103
2011-12-01,36304.0,8742.0,8956.0,-0.7192277189815965,-1.7695762757724998,-2.831754188747926,-1.1197828299966073,1.0402219140083213,0.8188213585514914,0.22381378692928333,-7.412384989145037,-6.327789980127607,83.54,93.14,40.39,79.88,-9.852163591237717,3.609078506759289,-2.82656740723507,-8.94515592922085,9.242317616701845,3.823431055623683,-13.326180257510734,-6.157063197026014,-15.836632631798297,-8.109973541930305,3.538561244329208,1.422041645505323,,,,,,,,,,7072.08,2.432750299820974,-2.121687717462617,-18.266322569311622,-21.180495959877398,7187.963333333334,7529.134999999999,8187.700833333333,-1.612185927492682,-6.070484856494129,-13.625569082732936,-28.238296490596106
2012-01-01,31485.0,7649.0,7566.0,-8.627894828486848,-15.374277650853385,-16.234336339691914,-6.170264965652605,-14.143001459198567,-9.11359315589354,-6.303405572755416,-23.397792852080592,-19.459229295294868,79.37,80.25,38.26,64.05,-15.868136527453892,-7.115272088940894,-8.958476714842856,-16.37140475197999,-11.021177514136815,-13.383702104695095,-17.02450661461722,-14.42630284052785,-20.108582167467116,-18.759512937595137,-17.578175267018402,-20.266401095481147,,,,,,,,,,7517.08,6.292349634053918,-0.9305862522058672,-13.038830750863594,-17.80434865806121,7164.426666666669,7341.285000000001,8052.011666666665,4.922282685564938,2.394608028430989,-6.643453695939739,-23.722799202431275
2012-02-01,33953.0,7885.0,8093.0,17.59836519811582,-7.361327112493521,-7.525329556596583,14.90819003206063,-9.988584474885842,-8.02519538084685,20.092001780679624,-13.332619404583424,-13.499358700299268,85.86,82.11,40.95,74.12,7.4727750657153535,1.309734513274341,4.047503635482319,18.38235294117647,-7.67933438272993,-8.40026773761714,-0.8954501452081209,-2.8469750889679624,-12.964930924548346,15.343915343915349,-1.2786361214704223,-8.016877637130793,,,,,,,,,,8121.44,8.039823974202754,17.631790872696307,4.909731623383995,-5.560807707290416,7570.200000000001,7404.631666666667,8012.160833333332,7.2817098623550125,9.680540040366626,1.363916288500211,-17.590246525857577
2012-03-01,38370.0,8928.0,9149.0,-1.580054378494844,5.690832966064341,3.820553060230525,0.17953321364452268,2.127659574468077,3.1900138696255187,-6.394516063024347,2.154979901741849,-5.417140494159001,93.07,92.87,47.72,82.75,-1.918010327747921,11.407708881972688,15.428500558104918,3.464795008912658,-0.2898861928279928,8.925639221205728,-3.1065989847715803,18.148056449616234,10.87360594795539,-3.5097947761194126,3.592889334001015,7.258587167854813,,,,,,,,,,7933.0,-2.320278177269053,12.173504824606063,9.793533350495064,-8.640724148653156,7857.173333333335,7522.568333333333,7949.635833333333,0.9650629233922681,5.45600449846364,-0.20926535104385247,-19.50238205165933
2012-04-01,36089.0,8462.0,8643.0,-3.5208255360102636,14.622836271240281,-2.9995968283832775,-2.8473019517795684,10.628840371290371,-5.017398136715679,-4.634227077126784,14.234734337827115,-12.49367216766225,89.66,87.85,47.45,78.28,-0.2780558336113903,12.964596195035893,4.926857811585705,-1.5024105841462077,9.470404984423663,-2.5945226743541494,-0.6906655504395065,24.019864087820196,6.128382912100205,0.12790995139420058,22.217017954722884,0.7334963325183574,,,,,,,,,,7501.72,-5.436530946678431,-0.20433466186338123,-1.1330194037974528,-16.720378957511606,7852.053333333334,7508.240000000001,7824.123333333333,-4.461677964489974,-0.08683792739710983,-4.120632045251494,-23.87865996275983
2012-05-01,36474.0,8517.0,9000.0,-3.035942152275628,7.424969811209614,-0.4829336170909415,-0.374312785121067,8.015218769816101,-2.773972602739727,-2.407286922576446,11.207216112689977,-3.6196187620475495,90.69,92.64,49.18,81.8,1.0811413285777949,5.625436757512237,7.008849557522123,-1.0362140796923436,12.82426013883815,4.1601079379356865,-1.7382617382617371,20.097680097680094,16.678529062870705,4.00508582326764,10.361575822989732,8.950452850293011,,,,,,,,,,7301.5,-2.6689879121054916,-10.095992828857936,5.755693701731723,-18.771498880834457,7578.740000000002,7574.47,7683.511666666666,-3.658127868220862,-3.6038165046531345,-4.971836879274161,-25.910329326886494
2012-06-01,36382.0,8336.0,9753.0,-2.6229859215245455,-5.181131091998958,0.2148523578669126,-3.8634528889401443,-6.630824372759858,-4.644246167924959,2.00815814245372,6.601814405946005,8.89906208128628,82.32,86.29,46.96,77.32,-4.245667093172045,-11.55044590093478,-1.4603782619104777,-3.812284026306978,-7.085172822224617,-7.354520077302984,-2.146280475098983,-1.592623637887669,16.266402574894776,-1.8283392585068725,-6.561933534743214,-3.2048072108162295,,,,,,,,,,7296.28,-0.07149215914538098,-8.02621958905837,3.170213006640199,-15.67519089659859,7366.500000000001,7611.836666666666,7570.485833333332,-0.9532342360687007,-4.145604805848436,-3.6220374672123024,-25.963297632154404
2012-07-01,35937.0,8575.0,8922.0,-4.389815627743632,-0.42118096927041826,14.140066698427823,1.8892585551330887,1.3353817064523765,12.106157667668981,-5.024483713008299,3.2280458174245075,17.92228390166535,88.56,91.75,49.63,77.87,1.5829318651066737,-1.2268570153914693,11.57868212170845,-0.9713977334052992,4.439385315879352,14.330218068535828,3.633326372937984,4.5943097997892535,29.71772085729223,-3.062367733100946,-0.5237608584568121,21.576893052302903,,,,,,,,,,7270.49,-0.35346779454735744,-3.082359778824062,-3.2803961112559676,-15.891501565214982,7289.423333333335,7570.738333333334,7456.011666666666,-0.2597370528167331,-3.9659055710770663,-2.488215884855327,-26.224993531169627
2012-08-01,36153.0,8611.0,8557.0,-1.5333914369757062,-0.8800789603553238,6.47954525373311,0.4432520704537479,1.1036750029353115,9.20735573874445,-8.53997434801197,-4.922222222222217,5.733349808476462,89.94,94.6,50.22,77.25,8.991759573436742,-0.8269930532583514,4.75192173305381,5.533244087460942,2.115716753022445,15.211301912069164,6.737513283740704,2.1146807645384236,22.637362637362624,-4.132539091585996,-5.562347188264061,4.2228818132757695,,,,,,,,,,7397.06,1.740873036067736,1.308772170102035,-8.919354203195484,-4.447538933727402,7321.276666666668,7450.008333333334,7427.32,1.0351109073417408,-0.7107150886855873,-0.40741478756805005,-24.940664336196527
2012-09-01,37662.0,8846.0,9511.0,1.9048649818713237,3.5182232972349015,-1.8451915559030474,2.242256125751263,6.11804222648753,-0.9184587813620082,-1.6747648092628964,-2.4812878088793178,3.956716581047104,85.54,89.03,49.59,72.78,6.089544834428895,3.911564625850361,-8.09068443107337,4.421768707482987,3.175338973229791,-4.1348121029396,15.218401486988853,5.600511073253833,3.9186923721710176,-5.664290343486722,-5.8717020175892305,-12.048338368580058,,,,,,,,,,7715.16,4.30035716892927,5.74100774641324,-2.7459977309971073,6.7786054159089115,7460.9033333333355,7413.701666666667,7468.134999999999,3.4078536513227897,4.066232320741259,3.3077200666565387,-21.712844814027477
2012-10-01,38380.0,8947.0,9844.0,3.1581776642924275,6.798007624453906,6.3481947407797445,0.42653496464248875,4.338192419825071,5.731505554242489,-0.33410954743343657,10.334005828289627,13.895638088626638,90.72,90.85,49.57,77.81,6.1673493270918645,2.4390243902439046,1.182244033013613,0.7317884466127023,-0.9809264305177146,3.41491178144564,10.870051442630292,-0.12089462018940456,4.467860906217069,0.1286835671084896,-0.0770514960832136,-0.6004087889626919,,,,,,,,,,7166.05,-7.117285966849673,-1.4364919008209798,-4.474573831068074,-5.55689544512229,7426.090000000001,7357.756666666667,7432.998333333334,-3.5017081667472527,-2.605504304527606,-3.5913950382068793,-27.284765523924527
2012-11-01,40726.0,9513.0,10944.0,11.11838694715015,12.649019445135945,11.657619125952735,8.595890410958894,10.474973870630588,11.694258541740044,17.19854358535018,27.89529040551595,21.599999999999998,88.77,87.82,49.05,76.61,4.743362831858411,-1.3008672448298841,-2.117102216341382,-1.2592759163481015,-7.1670190274841445,-5.202936096718491,16.37010676156583,-2.3297491039426577,-0.26433509556731405,2.0378263185935053,-0.8284789644012913,-6.344743276283616,,,,,,,,,,7580.17,5.778915860201916,2.475442946251616,3.8166130247209384,9.791979281936003,7487.126666666668,7404.201666666667,7489.3358333333335,1.2427108218640015,2.376601033512271,1.2128467555478695,-23.082613306003587
2012-12-01,39392.0,9078.0,10581.0,8.50594975760246,4.593489458871014,8.273321972403934,3.8435140700068704,2.6226543070314356,8.901151631477934,18.144260830727998,11.250131426769006,8.489695478314374,88.35,88.27,45.65,77.46,5.757720852286319,3.285012859480929,7.325072886297379,-5.228687996564318,-0.8536448388183793,2.2945880171514554,13.023025501361719,-7.945150231901598,-2.789608177172065,-3.0295443164747193,6.430338004946412,0.18106570098292973,,,,,,,,,,7699.5,1.5742391001784872,-0.2029769959404626,5.52637782541241,8.871788780669899,7481.906666666669,7471.405,7541.620833333333,2.908260461237133,3.0529063810621926,2.0934381369168475,-21.8717497298312
2013-01-01,37137.0,8652.0,9244.0,17.951405431157696,-3.238665971860344,3.339176892895912,13.112825205909262,-3.297194590365482,0.8979591836734802,22.17816547713456,-6.09508329947176,3.609056265411348,94.6,95.28,47.67,80.16,19.188610306161014,4.2768959435625975,6.820234869015351,18.728971962616825,4.876169510181616,3.8474114441416907,24.59487715629902,-3.8329634859794237,-3.9492242595204563,25.152224824355972,3.0201773550957434,2.940798767176056,,,,,,,,,,7850.02,1.9549321384505491,9.544588720424784,7.970989575668219,4.429113432343423,7709.896666666668,7567.993333333335,7569.365833333333,1.8174476181911592,3.72657128838203,3.707763276954412,-20.34439545609059
2013-02-01,29039.0,6685.0,7248.0,-14.47294789856567,-28.696655699062024,-19.677481813404142,-15.218769816106537,-29.727740986019136,-22.36674021600279,-10.441121957247002,-33.77192982456141,-15.297417319153904,79.37,69.2,41.25,60.34,-7.558816678313529,-10.589163005519875,-11.75227929730931,-15.722810863475821,-21.202459576406273,-26.84989429175475,0.73260073260073,-15.902140672782872,-17.861409796893668,-18.591473286562334,-21.237436366009653,-21.88996763754045,,,,,,,,,,7897.98,0.6109538574423867,4.192650032914824,6.771879638667233,-2.7514824957150408,7815.833333333335,7651.48,7550.744166666667,1.0510288943383905,3.221598958632832,4.59869683926295,-19.85773646746053
2013-03-01,35839.0,8439.0,8645.0,-6.596299192077149,-9.019597887896024,-4.8404227072380674,-5.477150537634412,-7.038995373430268,-4.600949581731861,-5.508798775822498,-18.296947358472735,-9.105246556618651,94.25,87.87,49.61,80.6,1.2678628988933127,6.677985285795129,10.182370820668684,-5.3838699257026,-0.45315509233033735,-1.3029315960912058,3.9606035205364654,8.674698795180724,0.0403307118370666,-2.598187311178257,4.05370513813581,10.744710085188224,,,,,,,,,,7918.61,0.26120602989625485,2.845769205792581,2.637015953006805,-0.18139417622589082,7888.87,7685.388333333333,7549.545000000001,0.37698681813744805,3.0346113501529715,4.888572755046816,-19.648400042618185
2013-04-01,35688.0,8369.0,8852.0,-1.1111418991936572,-3.9017691251312714,-7.01406982803543,-1.0990309619475336,-3.270920018492829,-6.460266010953397,2.4181418488950612,-4.240588489831243,-10.07720438845997,88.63,84.23,50.9,76.56,-1.1487842962302097,-6.310782241014801,-2.3037918871252283,-4.120660216277738,-11.597397145256084,-7.286736378646108,7.2708113804004215,6.775749947556098,2.6830744401855844,-2.197240674501788,-4.491017964071853,-1.606477316540289,,,,,,,,,,8093.66,2.210615246867831,3.103686360034752,12.944509178696762,7.8907237273585284,7970.083333333333,7839.990000000001,7598.873333333334,1.5505065819052533,3.2355908617230256,6.5113161512539985,-17.872135322858064
2013-05-01,36328.0,8453.0,9231.0,-0.40028513461644044,25.10072660904301,-10.798998182978936,-0.7514382998708435,26.44727000747944,-11.142646904236308,2.5666666666666726,27.35927152317881,-15.652412280701755,90.71,88.73,54.5,78.26,0.02205314808687575,14.287514174121196,2.185423003266873,-4.220639032815199,28.22254335260115,1.0362104304258768,10.817405449369666,32.121212121212125,11.111111111111116,-4.327628361858182,29.698375870069604,2.1537658269155546,,,,,,,,,,8254.8,1.9909410575685182,4.517864061443566,8.899932323417548,13.056221324385398,8089.0233333333335,7952.428333333333,7678.315,2.0494027503114243,3.8022557889550113,7.50796235892901,-16.23701794529654
2013-06-01,35094.0,8370.0,9376.0,-3.540212192842618,-2.078741036301235,-10.910844841592205,0.4078694817658324,-0.8176324209029473,-7.7990746860541975,-3.8654772890392652,8.455754771544255,-11.388337586239484,86.01,85.65,53.31,75.07,4.482507288629756,-8.742705570291776,-2.6485568760611033,-0.7416850156449217,-2.5264595425059766,-2.9681658547637824,13.5221465076661,7.458173755291275,16.77984665936474,-2.9099844800827723,-6.861042183622834,-3.0854634650142043,,,,,,,,,,8062.21,-2.333066821727958,1.8134495826919173,4.710825378271322,10.497541212782412,8136.89,8012.88,7742.142500000001,-0.9177953739082145,0.6156338295344455,4.13409466436454,-18.191264288504772
2013-07-01,36116.0,8603.0,9164.0,0.49809388652364284,1.199282672046631,-2.749279694105611,0.3265306122449019,2.7960329788505156,-0.5663430420711935,2.712396323694244,3.5246272028919945,-0.8654262224145337,93.96,90.12,54.87,80.29,6.097560975609739,6.013765090827028,-0.6765327695560264,-1.776566757493181,6.992757924729909,-5.415617128463468,10.558130163207725,7.799607072691539,15.103838892385134,3.107743675356356,4.871995820271691,0.16217564870260048,,,,,,,,,,8107.94,0.5672142005727965,0.17643439432839525,3.2855967245943196,11.51848087267846,8141.6500000000015,8055.866666666666,7811.93,-0.41404383632313024,0.6464026216918661,3.7892044603574204,-17.727233522240105
2013-08-01,36319.0,8669.0,8964.0,0.45915968246066363,-0.02477427879321592,25.06973380626054,0.6735570781558398,2.5553058085886704,29.678384442782345,4.756339838728518,-2.892427689307764,23.675496688741717,90.81,87.93,53.94,78.39,0.9673115410273603,0.11024142872892995,14.41350636260552,-7.05073995771669,-0.9016116307900335,27.06647398843931,7.407407407407396,-1.0275229357798232,30.763636363636348,1.475728155339806,0.16611295681061566,29.913821677162744,,,,,,,,,,8021.89,-1.0613053377306558,-2.821509909386044,1.5688821698712996,8.44700462075474,8064.013333333335,8076.518333333333,7863.999166666667,-0.5223619008566605,-0.6763846880390445,2.007767676306327,-18.600398784367243
2013-09-01,38419.0,9342.0,11048.0,2.009983537783433,9.47455405482418,7.198861575378768,5.60705403572237,11.612903225806459,10.700319943121217,16.16023551677006,17.832764505119457,27.796414112203593,85.26,83.4,53.35,73.37,-0.327332242225864,-0.8719916288803642,-9.53846153846153,-6.323711108615071,-2.626970227670755,-5.087060430180945,7.58217382536801,0.07503282686174284,7.538802660753885,0.8106622698543564,-2.2645530837884453,-8.97022332506202,,,,,,,,,,8173.87,1.8945659937994686,1.3849800488947794,3.2235455465037477,5.945566909824285,8101.2333333333345,8119.061666666666,7902.224999999999,0.8966124499561579,0.6750574830383771,3.437576125711428,-17.058229620647502
2013-10-01,39591.0,9908.0,10663.0,3.15528921313184,9.621774282866324,10.936449226630796,10.741030513021133,15.169127048703945,18.389293822439967,8.31978870377894,16.357485814055007,20.45865341165838,89.07,87.11,53.35,79.34,-1.8187830687830697,-5.204342273307794,0.4964458986798981,-4.116675839295536,-3.3399911229471835,3.4192093078475594,7.625579987895903,-2.7701840714415837,4.813359528487227,1.9663282354453138,-1.1832108606302238,3.6311389759665635,,,,,,,,,,8450.06,3.3789380061097107,4.219567485699205,4.403446648364273,17.917960382637578,8215.273333333334,8178.461666666666,8009.225833333333,2.8579288495980126,3.3208975526571205,5.504079618181978,-14.255678618359314
2013-11-01,41046.0,10102.0,11745.0,0.7857388400530407,13.015226190148411,12.987227482933283,6.191527383580353,16.530164955588877,19.507867029456992,7.319078947368429,31.024096385542176,27.234319142021455,90.09,85.46,50.92,78.26,1.486988847583648,-0.7928642220019766,-0.6834968581192702,-2.6873149624231374,-2.809052655521449,-3.6853375408542832,3.8124362895005204,-5.598813496477561,-6.568807339449534,2.1537658269155546,-0.16583747927031434,0.0,,,,,,,,,,8406.83,-0.5115940005159691,4.7986197766361816,1.8417163347385745,10.905560165537187,8343.586666666668,8203.800000000001,8078.114166666666,0.7579873723370545,2.474828737901924,4.069214999334103,-14.694341422330915
2013-12-01,42313.0,10415.0,12012.0,7.415211210398054,10.135609984643024,20.570467886248366,14.727913637365052,11.485763219867273,24.432497013142186,13.524241565069461,8.72556118754526,28.114334470989768,94.49,87.0,53.02,83.11,6.949632144878315,10.825709594182499,9.859318683873951,-1.4387674181488563,4.316546762589923,1.5761821366024442,16.14457831325302,-0.6185567010309256,-0.5439879947476967,7.294087270849481,13.275180591522417,10.710003996270157,,,,,,,,,,8611.51,2.4346870342328852,5.3541345776235705,6.8132683222094315,11.845054873693094,8489.466666666667,8295.35,8154.114999999999,1.437585399946606,3.8112918683358643,5.609376370090446,-12.617415613473437
2014-01-01,36109.0,8882.0,9303.0,-2.7681288203139753,-8.794928140233893,-0.019381991361167028,2.6583448913545915,-10.355268469923296,3.24305474834361,0.6382518390307235,-12.75438431960987,1.5168048886949004,92.84,89.25,49.83,77.88,-1.8604651162790642,4.232626024475139,-1.1919965942954303,-6.328715365239301,2.4566639880610808,-0.9653794940079896,4.531151667715538,-6.597938144329907,-9.18534718425369,-2.844311377245512,-1.8401814973531772,-3.0016191306514006,728696166.0,640038970.0,88657196.0,,,,,,,8462.57,-1.7295456894319439,0.14804628606188697,4.373860684711528,7.803164832701048,8493.636666666667,8354.455,8205.160833333333,-0.36576401706219785,1.294099974205376,3.137161743630257,-14.128737335044839
2014-02-01,30706.0,7717.0,7476.0,5.740555804263225,-25.19124884276178,-15.454720669621958,15.43754674644726,-23.609186299742625,-10.981658784173487,3.14569536423841,-36.34738186462324,-16.59973226238286,83.63,68.35,46.76,68.56,5.367267229431771,-7.1706071706071794,-7.906618213853111,-1.2283236994219737,-20.021062485373275,-22.26771295348574,13.357575757575745,-8.169677926158691,-13.31108639228773,13.622804110043084,-12.394582162024026,-12.53986477867075,644316166.0,596790042.0,47526124.0,,,,,,,8639.58,2.091681368662246,2.768582212320214,7.700055722529231,9.38974269370143,8571.220000000001,8457.403333333334,8266.960833333333,0.7975527404500138,2.154049647232137,4.50732952748758,-12.332584132846957
2014-03-01,37940.0,9289.0,9386.0,5.862328748011936,-10.334885259849214,-1.2467789375048777,10.072283445905917,-10.811329812770044,-0.5673303361164672,8.571428571428562,-21.86147186147186,-15.043446777697323,94.01,86.33,55.28,82.83,-0.2546419098143127,-0.5079902635199418,10.262725779967163,-1.7525890520086573,-0.7701149425287324,3.513189448441234,11.429147349324742,4.262542436816297,3.617619493908153,2.7667493796526,-0.3369028997713852,12.893553223388299,841007262.0,781673817.0,59333445.0,,,,,,,8849.28,2.4272013222865096,2.761072100014994,8.26303819365859,11.75294653985992,8650.476666666667,8569.971666666666,8344.516666666666,2.2981777882760124,3.2591511873921064,6.049042185387221,-10.204719455705003
2014-04-01,38868.0,9757.0,9466.0,8.91055817081372,7.640754382563908,-1.826172614988253,16.585016130959485,9.851384823238018,-1.5240209931368542,6.936285585178492,1.752122971084602,-11.225733846009566,90.06,86.15,56.59,83.46,1.613449170709691,-2.994398965962952,1.111485348602237,2.2794728718983803,-3.4733893557422957,-1.1020548731488833,11.178781925343827,13.56612482440298,6.073102155576393,9.012539184952972,7.1648690292758,5.192840937736309,806341732.0,729131313.0,77210419.0,,10.655410255033516,,,13.919831006540107,,8791.44,-0.6536124972879143,3.8861716948870306,4.039971313813173,8.621315943590414,8760.1,8626.868333333334,8402.665,0.35775847307679687,1.9076640596307648,4.626805900270914,-10.79163263131726
2014-05-01,38018.0,9517.0,9484.0,4.652059017837473,23.812935582622295,-7.377089119524438,12.587247131196033,23.325126344434356,-5.790932488616118,2.7407648142129704,26.85928303905831,-19.25074499787144,91.52,86.42,59.12,86.05,0.8929555727042349,9.434413487982773,1.5873015873015817,-2.6034035839062386,26.43745427944406,1.1233325532412852,8.477064220183482,26.432848588537205,16.103692065985854,9.953999488883202,25.510501750291702,9.953999488883202,804432824.0,644992971.0,159439853.0,,24.850634897774704,,,8.077033061486638,,9075.91,3.235761149481764,5.050361244412338,7.958766859803279,9.947061103842625,8905.543333333335,8738.381666666668,8471.090833333334,1.913040679157496,3.8625954577020005,7.139802636594705,-7.905062937914453
2014-06-01,38817.0,9789.0,10203.0,10.60865105146178,2.3115445440168747,-8.262236192186801,16.953405017921153,5.3827107331251955,-6.010561689870375,8.820392491467576,8.704453441295556,-15.059940059940057,91.62,84.25,59.15,83.93,6.5224973840251055,-2.5422827358791644,-3.0373584506296902,-1.6345592527729158,-2.4093594347272096,-3.1609195402298895,10.954792721815787,7.000723589001434,11.561674839683134,11.802317836685772,1.3280212483399945,0.9866442064733638,805178352.0,748235527.0,56942825.0,,-4.260237886031481,,,-4.277780485002481,,9393.07,3.494525617816824,6.145019707818022,9.075760232525987,16.507384451657803,9086.80666666667,8868.641666666668,8581.995833333332,3.3704176237929984,5.913288111576631,9.450880452730747,-4.686781769567583
2014-07-01,38182.0,9569.0,9114.0,5.7204563074537695,-1.7649480292271313,5.740951009443629,11.228641171684295,-1.9268217689863643,7.734744426930873,-0.5456132693147042,-3.7185717304035526,-2.031602708803615,96.72,91.02,60.02,87.37,2.937420178799499,7.39506995336443,4.1792330891856855,0.9986684420772107,5.6529309344167,1.9831932773109129,9.385821031529073,6.061141544442483,20.449528396548278,8.818034624486227,4.684878983944407,12.185413456599914,800848604.0,722548811.0,78299793.0,,-0.6812406926248515,9.901580571785251,,-0.9027869030773572,12.891377692205207,9315.85,-0.8220954384455692,5.9650068703193115,10.082988973798756,14.897865549079059,9261.61,9010.855000000001,8682.655,0.5856433168747177,3.3847509476070625,7.2926426306239245,-5.47034738887564
2014-08-01,38210.0,9758.0,9424.0,5.206641152014102,0.505023936030291,24.438220543216318,12.562002537778284,2.5323106020804786,26.448101593883642,5.131637661758148,-0.6326444538169551,26.056714820759773,94.68,89.36,61.83,82.55,4.261645193260666,3.4527972027972087,13.212961855793392,1.6262936426703067,3.401990280027767,30.738844184345293,14.6273637374861,4.583897158322059,32.228400342172804,5.306799336650081,-4.067402672864617,20.40548424737456,841329448.0,718370281.0,122959167.0,,4.586663161820459,30.577112975929886,,11.37645110864316,20.37236388739878,9436.27,1.2926356693162777,3.97051094600982,9.221397336444603,17.63150579227588,9381.730000000001,9143.636666666667,8800.519999999999,0.5813426734727845,3.200404215536423,7.2240049451623545,-4.248423381143485
2014-09-01,43313.0,11150.0,12850.0,12.738488768578037,11.582554035602953,14.161834475487623,19.35345750374653,13.903360915313101,20.034449348692007,16.31064446053585,25.943349995099485,36.906030257830814,88.69,83.21,63.24,82.71,4.022988505747116,-3.197991704867942,-5.658972449739396,-0.22781774580337144,-1.234421364985172,-3.61403915209082,18.53795688847235,6.914623837700762,14.399421128798839,12.729998637045092,-1.453592279280369,-0.14487504527346262,791892724.0,685881093.0,106011631.0,,-1.650023000121592,-5.8399659811736555,,-8.333530252166177,-12.254820606329709,8966.92,-4.973893286224329,-4.536855362517256,1.3293736891588859,9.702258538489117,9239.68,9163.243333333334,8866.6075,-2.952050287455843,-2.142509220716249,1.1313515343946312,-9.01100462204274
2014-10-01,44911.0,11301.0,12905.0,13.437397388295324,17.623487507202352,15.547494082535751,14.059345983044015,18.100114954540715,15.824536230398678,21.025977679827434,41.59534781654597,36.330023241073306,93.88,86.5,63.89,86.76,5.400246996744129,-2.93631100082713,4.241616699977779,-0.7002640339800248,-4.965941551307395,0.4062681369704002,19.756326148078717,6.447850716427861,12.899805619367367,9.35215528106883,-0.6981801533707199,3.953989935298363,816134558.0,675936040.0,140198518.0,,1.9087195661765755,1.21447589915884,,-6.451158771611343,-7.295705458201873,8974.76,0.08743247402676069,-3.6613942903760854,2.0852101589728056,6.2094233650412,9125.983333333335,9193.796666666667,8910.3325,-1.6570634397389372,-2.3824397537615005,0.7230650483581735,-8.931450692291698
2014-11-01,43512.0,10955.0,13694.0,6.0078935828095315,13.87594870452762,14.451049502867065,8.443872500494942,12.266857962697264,15.109803509509302,16.594295444870166,45.309847198641776,44.390552509489666,89.92,83.03,61.79,82.35,-0.188700188700186,-5.027460920997051,-1.748251748251739,-2.8434355253919907,-7.083706356311548,-3.9227030779912075,21.34721131186175,-0.06469351447516702,4.516238159675234,5.226169179657547,-0.24227740763174133,-4.299825682742597,813011344.0,685338515.0,127672829.0,,-3.3658757657083704,1.066406012293708,,-4.598153191139598,6.255191267813065,9187.15,2.3665256786810973,-2.640026196791745,1.2256622200969458,9.281976678486426,9042.943333333335,9212.336666666666,8975.359166666667,1.5946872754925012,-0.2734015003793777,2.3596920123252207,-6.776290087722425
2014-12-01,44228.0,10999.0,13780.0,4.525795854701875,2.112529725486567,13.93976865806219,5.607297167546799,-1.354260089686099,12.360813157625916,14.71861471861471,7.237354085603109,35.058316181515245,93.35,92.57,61.51,91.6,-1.2064768758598854,5.254256398692059,1.8882340100414563,6.402298850574706,11.248647999038575,9.875370919881288,16.01282534892492,-2.7356103731815407,3.9898562975485996,10.215377210925269,10.748398017168427,9.138567854164158,796681836.0,659470362.0,137211474.0,,0.6047677740754098,-1.0552340334157417,,-3.850628231269815,-11.863265214884667,9307.26,1.3073695324447687,3.795506149268646,-0.9135458375163719,8.079303165182417,9156.390000000001,9198.035,9033.338333333335,1.6477017689285667,1.1874818915126983,3.032341495013924,-5.5575117073146
2015-01-01,39038.0,10135.0,11136.0,8.111551136835683,-13.076974460599855,2.241894086218643,14.10718306687684,-10.317671002566142,5.914933639878783,19.703321509190587,-13.707865168539325,22.185648452929563,94.11,88.28,60.93,86.38,1.3679448513571613,0.2449936088623872,-2.6985111662531036,-1.0868347338935602,2.057803468208097,-3.0103274005713,22.275737507525584,-4.632962904992954,1.5161612795734802,10.914227015921929,-0.43798985707700355,-1.1331120521918425,797722051.0,644535729.0,153186322.0,9.472519305117345,-2.256062657746205,-0.39040500094322805,0.702575813469597,-4.645455951719935,-10.796928984220555,9361.91,0.5871760324735797,4.313764379214602,0.49442616615766877,10.627268075773678,9285.44,9205.711666666666,9108.283333333333,0.8235474032463719,1.6967545692194497,2.7845715530002924,-5.002968051588297
2015-02-01,29890.0,7685.0,7983.0,-2.6574610825245926,-31.306306306306308,-21.774404606124055,-0.41466891278993945,-29.849383842994072,-21.24410739905719,6.781701444622801,-41.70439608587703,-15.290747028862484,83.08,67.53,52.27,66.56,-0.6576587349037433,-7.606761565836306,-12.251795521757503,-1.1997073884418286,-18.667951342888113,-24.42927484333035,11.783575705731408,-15.407023790257313,-15.46174995956655,-2.9171528588098017,-19.174256223436547,-19.37007874015747,623190102.0,479754050.0,143436052.0,-3.278835005980585,-23.347920468868633,-25.927934237718496,-19.610915692859365,-29.997506414767894,-33.21632830743453,9622.1,2.7792405609539106,4.734330015293109,1.9693162658550367,11.37231207998537,9430.423333333334,9236.683333333334,9190.16,2.0325351247929113,4.172673813291561,4.700026985384365,-2.3627720079756886
2015-03-01,38427.0,9428.0,10598.0,1.2836056931997852,-13.11612553133762,-11.280677856532684,1.4963935838087972,-14.283116646967908,-15.443946188340806,12.912848923929253,-23.091436865021777,-17.525291828793776,97.56,87.34,62.46,89.99,3.77619402191256,4.509908944831298,10.001127522832354,1.1699293409012101,-5.649778545965201,4.963345751712556,12.988422575976855,1.544464314745575,-1.2333965844402273,8.644211034649274,-1.7576419213973793,8.801837746342645,796130217.0,667472952.0,128657265.0,-5.33610671723308,-0.06923956027032885,0.5351094752576557,-14.609785119615948,1.2134874379692073,-2.6838676831699715,9586.44,-0.37060516934972476,2.9995938654340915,6.9089497843183745,8.330169234107188,9523.483333333335,9339.936666666666,9251.59,0.6610676415667038,2.639239880641586,3.619377858292472,-2.7246206221239078
2015-04-01,37318.0,9672.0,10046.0,-3.987856334259543,-4.405963420257186,-16.90677116964664,-0.871169416828943,-4.568327577701037,-14.414653570480485,6.127192055778585,-9.78807471264368,-22.15420379697791,94.47,83.52,58.78,84.77,4.896735509660233,0.3825310806502946,0.6284618662121932,-3.052814857806163,-5.391934753058458,-3.445086705202316,3.8699416858102076,-3.5286394222878714,-7.998121771795274,1.5696141864366187,-1.8638573743922193,-2.293683725219009,733823885.0,584948700.0,148875185.0,-8.993438404847442,-8.010078939136655,-10.085429197081009,-19.774574267941226,-9.244953587359628,-13.460939292421815,9820.05,2.4368795924242903,4.893659520332916,9.418524840775678,11.700131036553717,9676.196666666669,9480.818333333335,9337.3075,1.4866722772273633,3.578084240618451,5.170039650081115,-0.35413675361114505
2015-05-01,35793.0,9182.0,9703.0,-5.85249092535115,19.7490799598528,-17.739933811362384,-3.520016812020599,19.47950553025375,-16.184390689183026,2.30915225643189,21.54578479268445,-29.14415072294435,97.56,82.68,58.12,84.21,6.5996503496503545,17.428984111699574,8.4964412811388,-4.327701920851645,22.434473567303435,-0.4215343851619813,-1.691474966170503,11.191888272431584,-5.9394724065382825,-2.138291690877403,26.517427884615373,2.2586520947176725,785689643.0,618962878.0,166726765.0,-2.3299870965981406,26.07543676937283,-3.3605559383191097,-4.035717313266662,29.016707206536353,-9.6850878138667,9701.07,-1.211602792246469,0.8207148127747477,5.593900175789002,6.888124716970534,9702.520000000002,9566.471666666666,9389.404166666665,-0.01494457110113867,1.4069798983707527,3.3193355808431413,-1.5614488150624939
2015-06-01,36582.0,9136.0,10385.0,-5.757786536826648,-4.801311577796863,-17.287691055439993,-6.670752885892329,-3.0971574034790006,-16.937903445767798,1.7837890816426505,-2.0098131722966595,-24.637155297532654,94.38,85.24,57.69,84.62,3.0124426981008368,-3.2595325953259646,1.1033743974290244,1.1750741839762657,-2.404396610945736,-7.918332073025813,-2.4683009298393954,-7.636887608069165,-6.210372297187449,0.8221136661503703,-5.967329703300361,-7.62008733624453,709392704.0,641933199.0,67459505.0,-11.896202594378746,-10.894890201108897,-10.956586187312045,-14.207067716526645,-3.826335272983461,-2.6592799328865047,9323.02,-3.8969928059482073,-2.7478396568486274,0.16933017880664814,-0.7457625675098667,9614.713333333335,9569.098333333333,9383.566666666668,-3.0338224679259063,-2.5715937360172747,-0.6452415037636716,-5.397592073019142
2015-07-01,36287.0,9514.0,9882.0,-4.963071604420932,-2.7627418403987303,-7.0469798657718075,-0.5747727035217864,-1.6335814722911457,-6.127281697089293,8.426596445029633,-1.6324905434998982,-11.26077586206896,95.2,88.57,57.13,87.02,-1.571546732837048,0.7727320842595642,1.158219105302316,-2.6917161063502504,6.046455938697304,0.3285002265518644,-4.815061646117957,-2.8070772371554975,-6.2366650254390255,-0.400595169966822,2.654240887106285,0.7409122482056052,727629308.0,614744065.0,112885243.0,-9.142713820601223,-0.8441503644978754,-8.786612193073251,-14.920064133909428,5.093671462129934,-4.622189687796185,8665.34,-7.054366503557863,-11.75869776630465,-7.440468878679674,-6.982830337543011,9229.810000000001,9453.003333333334,9329.3575,-6.115727192650777,-8.332413578612229,-7.11750514437891,-12.071192649379247
2015-08-01,35026.0,8967.0,9868.0,-8.332897147343632,-2.1428770988740853,17.183004349280708,-8.106169296987087,-2.341537791330861,16.681847755367606,4.7113752122241115,1.7005049984540888,23.612676938494293,90.81,84.68,56.3,78.18,-4.0874524714829,-6.918819188191883,9.304285026480507,-5.237242614145021,2.418964683115621,25.396120242855027,-8.943878376192792,-3.131452167928428,7.709967476563984,-5.293761356753468,-7.160669754185944,17.457932692307708,757466235.0,630637116.0,126829119.0,-9.967939812324268,-3.592182772352004,21.546576649575865,-12.21280547378324,1.886096632761225,31.45008697685825,8174.92,-5.659558655517271,-15.731769794465967,-15.040167946706017,-13.367040154637378,8721.093333333336,9211.806666666665,9224.245,-6.2626704297015,-11.25606196685267,-11.375727769589815,-17.04757507648441
2015-09-01,41345.0,10529.0,13549.0,-4.543670491538332,13.020064512601826,7.593619069924795,-5.569506726457396,15.247373029772326,11.677980483665685,5.439688715953306,30.467019740009626,27.844876391772022,92.11,83.24,56.23,77.76,3.8561280865937464,-2.4051705869887696,-5.586305863058638,0.03605335897127748,-2.3463162834350126,-4.694298145179765,-11.084756483238467,-2.5307678973825687,-9.97438360550753,-5.984766050054391,-8.106830536516185,-13.590398933214786,733980936.0,563116014.0,170864922.0,-7.313084998113961,3.466095980598083,-7.806421571862032,-17.898886593160547,-12.278097646730368,-15.634631738605641,8181.24,0.07730962504830519,-12.24688995625881,-14.658204714158751,-8.761982932824209,8340.500000000002,8977.606666666667,9158.771666666666,-1.9094778490498454,-8.870589860252288,-10.673174332147518,-16.983444867807563
2015-10-01,42548.0,10848.0,14324.0,-5.261517222952062,17.25411304323863,14.014684602604643,-4.008494823466946,14.021442085347902,12.158808933002474,10.995738086013173,44.950414895770095,42.58411307983276,94.54,87.41,56.25,79.77,0.7030251384746666,-0.6932773109243673,0.07409759712078134,1.05202312138728,-1.3096985435248953,4.65756704980842,-11.958052903427763,-1.5403465779800452,-4.304185096971757,-8.056708160442605,-8.33141806481269,-5.898313082458417,781360449.0,581573934.0,199786515.0,-4.260830356849077,7.384411321705575,6.477925422119513,-13.960212270971672,-5.395762706550078,-0.5769336695679472,8554.31,4.560066689157138,-1.2813115238409667,-12.889343740612313,-4.684804941859177,8303.49,8766.65,9123.734166666667,3.020657578921626,-2.4221338823838034,-6.241130618941582,-13.197834590738678
2015-11-01,40755.0,10673.0,13635.0,-6.33618312189741,16.356420944441275,13.863045846953327,-2.5741670470105005,19.025315044050405,16.238292311043345,-0.43084562582152985,38.17389541953791,40.523549417705865,90.05,85.68,53.78,76.64,0.14457295373664358,-0.8369122343354296,-7.697826978269784,3.191617487655063,1.180916391119502,3.6284470246734424,-12.963262663861464,-4.476021314387202,-7.467309015829315,-6.933819064966595,-1.9698132514709754,-8.989431183944896,718244871.0,629348038.0,88896833.0,-11.656230100523668,-5.177968625888651,-8.5841493013037,-8.169754913015502,-0.20440883787119501,1.6778324466818928,8320.61,-2.7319561718010976,1.7821581128622643,-14.22997669329259,-9.432087208764406,8352.053333333335,8536.573333333334,9051.522500000001,-0.3764742881590899,-2.5298597563737535,-8.075022737887473,-15.569231705893994
2015-12-01,38805.0,9883.0,12125.0,-12.261463326399568,-6.1434272584351195,6.076759061833692,-10.146376943358481,-6.1354354639566955,8.17644483362523,-12.010159651669083,-10.510000738061853,16.754935002407322,96.7,91.65,55.28,81.23,3.588644884842007,4.983172293996319,2.4581479126933647,-0.9938424975693971,10.103315713599237,7.519943688409203,-10.128434400910413,-1.6894895963008971,-4.177500433350668,-11.320960698689941,4.462448559670773,-4.00614511935713,719875797.0,584149772.0,135726025.0,-9.640741828084053,-1.921730975312419,1.47775596519244,-11.421376052681499,3.7352441552124027,-9.001470416238744,8338.06,0.2097202008025656,1.916824344475887,-10.564816979905666,-10.413376224581683,8404.326666666668,8372.413333333334,8970.755833333333,-0.7884827576907005,-0.4103157831035653,-7.05287096302829,-15.392163329088437
2016-01-01,34186.0,9331.0,9887.0,-12.428915415748754,-19.65309767791671,-5.78995232452394,-7.932905772076959,-13.984144542772858,-1.9234811856211897,-11.215876436781613,-30.97598436191008,0.05059704513257213,93.61,86.11,53.02,80.48,-0.5312931675698684,-0.9837105986883921,-1.670168067226896,-2.458087902129591,-1.487244022423062,-2.777464152647613,-12.982110618742816,-5.742222222222216,-7.194118676702255,-6.830284788145391,0.8900589193932662,-7.5155136750172264,730897768.0,614870308.0,116027460.0,-8.376888029637787,-6.458310126214228,0.44919301134032086,-4.602603031181229,5.725217733021704,0.020535863164461432,8145.21,-2.3128881298527415,-4.7823845523484625,-6.002418831805789,-12.996279605336946,8267.960000000001,8285.725,8869.364166666668,-1.4846467568783717,-1.6958684967217752,-8.164668324119829,-17.34904794037515
2016-02-01,27669.0,7568.0,7842.0,-7.430578788892605,-32.108943687891056,-21.004396733854847,-1.522446324007809,-29.09210156469596,-15.601650496264075,-1.766253288237507,-42.48624862486249,-20.531009323064453,83.18,65.12,45.99,63.65,0.12036591237363226,-7.629094947251513,-8.402158352604339,-3.56878424403968,-23.996265172735765,-23.098724610297594,-12.014539889037689,-14.484938638899214,-18.31261101243339,-4.371995192307699,-16.949373695198332,-18.58531593757995,586795523.0,448137632.0,138657891.0,-5.840044455648307,-18.301466993698867,-22.531791400576427,-6.590130505412095,-28.79335360699099,-28.93890628536998,8411.16,3.265109186871795,1.0882615577463506,2.8898142122491643,-12.584986645326913,8298.143333333335,8325.098333333333,8768.4525,1.3619512477288875,1.0337615631767383,-4.074749791938769,-14.650404111639336
2016-03-01,36625.0,9578.0,10297.0,-4.689411091159856,-5.617832753511143,-11.41613254323377,1.5910055154857883,-3.0861074572498204,-9.032196789818592,-2.8401585204755664,-15.076288659793812,-24.001771348438993,98.62,88.26,57.67,88.24,1.0865108651086475,1.9855222337125111,7.067636521550336,1.0533547057476556,-3.698854337152213,6.030754444978381,-7.668908101184757,4.323444283646882,2.5609105459719173,-1.9446605178353171,8.629816570232652,13.47736625514402,746461945.0,597623044.0,148838901.0,-6.238712077423891,3.693157640636713,1.7004541109770788,-10.46482974189492,2.3064756070811265,6.12787225759841,8744.83,3.9669914732331835,4.878472930154021,6.888809031393772,-8.779171412954135,8433.733333333335,8419.03,8698.318333333333,3.6887183216606,3.869804478663208,0.5347202169921461,-11.264592920309092
2016-04-01,33159.0,8726.0,9037.0,-11.144755881880053,-3.004153747147953,-22.066842154742883,-9.7808105872622,-6.4837637980923795,-19.561209439528028,-10.043798526776825,-8.59714776979873,-36.91008098296565,91.73,82.33,54.12,80.55,-2.90039165872763,-2.008332443115046,-2.9722868627036214,-1.4248084291187735,-4.38973406108466,-5.8116920260839695,-7.927866621299772,2.0746887966804906,-3.7866666666666715,-4.9781762415949,0.08697813121272269,0.9778112072207579,714433450.0,560561616.0,153871834.0,-2.6423826474386236,-2.252615717387163,-8.565444934620691,-4.169097905508634,-8.832544244436013,-3.61300890077374,8377.9,-4.195964930135865,2.85677103475539,-2.062235294255177,-14.685770439050716,8511.296666666667,8389.628333333332,8578.139166666666,-1.5672895904227713,-0.13979562463731776,-2.334296084222609,-14.987899481986222
2016-05-01,33729.0,8896.0,9363.0,-5.766490654597267,21.90176732082836,-17.2396025027604,-3.1147898061424484,17.547568710359407,-16.649489365689117,-3.5040709059053876,19.395562356541696,-31.331133113311328,97.47,88.77,57.46,86.58,-0.0922509225092294,17.179610483289242,8.239866740699608,7.365747460087069,36.317567567567544,3.6064425770307995,-1.1355815554026094,24.94020439225919,6.842692450725174,2.814392589953685,36.025137470542035,12.969728601252605,762723310.0,648159265.0,114564045.0,-2.9230795142351162,29.981105871525205,6.19265668240323,4.716985143655084,44.633973743137915,2.9890022474337252,8535.59,1.8822139199560883,1.4793441094926196,2.5837048004893726,-12.013932483736323,8552.773333333334,8425.458333333334,8481.015833333333,-0.20090949056681406,1.307129681372432,0.6434862018789289,-13.387789892389112
2016-06-01,35704.0,9277.0,10338.0,-2.400087474714341,-2.5146757679180842,-7.991238242494525,1.5433450087565692,-3.1426185007308427,-6.131741374076693,-0.4525758305247929,0.39817422550256776,-14.738144329896908,95.16,87.02,60.14,85.11,0.8264462809917328,-3.508416142770232,-1.5925542916235824,2.0882214922571585,-1.4049399501472992,-5.051827605019099,4.246836540128274,4.282989422576722,8.791606367583205,0.5790593240368569,-3.5471441523118763,4.77656038409453,741916638.0,623756554.0,118160084.0,4.5847573306871725,-0.6089134255866213,3.0617560823481993,-2.8315477417767854,4.372908685897325,6.780244365138599,8666.58,1.5346332239482008,-0.894814421778356,3.9400052290341048,-7.0410660923177275,8526.690000000002,8480.211666666666,8426.3125,1.640613180495576,2.197684924138099,2.851395554105074,-12.058610140081893
2016-07-01,35035.0,9344.0,9556.0,-3.4502714470747153,5.6575891914713905,2.483472766629613,-1.7868404456590326,7.082282832913123,0.13932054442182817,-3.2989273426431875,5.743056324001339,-3.3478304844745677,97.13,87.34,59.85,82.83,2.0273109243697407,5.8868418183800175,3.760282021151573,-1.3887320763237954,6.085266609984208,1.4284055278132701,4.761071241029224,10.587583148558766,12.881931346661624,-4.814985060905541,2.830540037243945,2.9199801192842934,774534154.0,653613168.0,120920986.0,6.446255735482276,8.41235863186418,5.970244801732649,6.32281061550386,16.599700968465882,6.30098079154604,8984.41,3.6673059038282663,7.239403669177236,10.302987891042715,3.682140573826298,8728.86,8620.078333333333,8452.901666666667,2.927644617968439,4.226547051873286,6.287880236786547,-8.83353035784048
2016-08-01,37927.0,10444.0,10517.0,8.282418774624567,12.44626285985353,37.073981712385695,16.47150663544106,17.401079136690644,38.00211416490487,6.576813944061621,12.32510947345935,34.11119612343789,96.72,96.02,62.96,84.06,6.50809382226627,-0.7694675284703023,16.277951430632353,13.391591875295216,8.167173594682886,47.450859950859936,11.829484902309062,9.571876087713193,36.899325940421825,7.521105141980033,-2.9106029106029108,32.065985860172816,777131924.0,648283325.0,128848599.0,2.596246286806436,1.8891010424212595,32.43658029749488,2.798155793925705,0.019140357424340948,44.66165720266937,9068.85,0.9398502517138141,6.2474884571541045,7.819254419128874,10.935030556873947,8906.613333333335,8729.693333333333,8527.395833333334,1.821530368445301,3.8850925652982093,6.349584061175384,-7.976702063430052
2016-09-01,42962.0,11595.0,14632.0,3.910992864917162,20.328254537306734,17.302389078498305,10.124418273340297,24.98652581653551,21.058676132804344,7.993209830983838,41.53608047978332,42.099640672040394,88.49,84.66,68.64,75.13,-3.930083595700795,-7.009247583018075,-10.27175015209898,1.7059106198942908,-2.7120202252355785,-4.078857919782475,22.070069357993958,14.133688061190552,19.022021848448055,-3.3822016460905435,-11.726001644930095,-14.857207615593836,710998853.0,571029153.0,139969700.0,-3.1311553029219286,-4.16728557043089,-4.750823834696627,1.405241336290608,-8.453201920183751,-4.449944035290576,9166.85,1.080622129597475,5.772403877884935,4.825937153723969,12.047195779612885,9073.37,8800.03,8609.53,1.0302676954648593,4.168394880472004,6.4732918057083255,-6.98227794154207
2016-10-01,42683.0,11453.0,14452.0,0.3172887092225185,21.82959897245611,28.72221719593473,5.577064896755157,22.570633561643838,31.251432500573006,0.8936051382295362,51.23482628714944,59.92032754232599,92.74,90.03,64.93,81.59,-1.903955997461404,-4.519715844744154,1.1010574512155147,2.99736872211418,3.079917563544754,9.3526053686384,15.431111111111129,8.487886382623234,19.974131559497433,2.2815594835151165,-1.4970421344923324,1.291123525760396,838280436.0,697939021.0,140341415.0,7.2847284595537465,8.230273858265512,17.33499264347156,20.008648977723965,6.781664625214523,24.507101642150264,9290.12,1.3447367416288047,3.4026719617648915,10.888408789792203,8.601628886491163,9175.273333333336,8952.066666666668,8670.8475,1.251697497113602,3.776260230412354,7.14200659162787,-5.731434456795825
2016-11-01,43620.0,11753.0,14582.0,7.0298122929701945,15.010414744113687,29.32491327937383,10.118991848589909,12.533512064343167,32.11555755395683,6.945361202786948,38.651706760483016,55.74068140553241,94.73,94.85,67.45,85.62,5.197112715158259,-2.0574855252274538,-2.811121370678149,10.702614379084952,-1.2184961466361166,6.849160752506478,25.418371141688368,7.1315120711562985,17.38600765750087,11.717118997912323,1.855817273376159,-1.1088011088011052,793193328.0,659619824.0,133573504.0,10.434944964612214,2.0667538552952225,3.99489796634116,4.810023098856475,1.7486951403539397,1.7681702042784186,9240.71,-0.5318553474013443,1.8950583591083703,8.260940368504087,11.05808348186008,9232.560000000001,9069.586666666666,8747.522500000001,0.08827454140560853,1.8867820510747313,5.638024937918118,-6.232806863555895
2016-12-01,41237.0,10683.0,12998.0,6.267233603917011,-4.0151762022252235,15.496863096571811,8.094708084589698,-7.865459249676587,15.155761560849413,7.200000000000006,-11.167304537998902,25.730315341458688,97.7,98.63,65.09,88.52,1.0341261633919352,10.407955701209183,2.6691887347625176,7.615930169121654,16.501299314906692,13.341760514824186,17.746020260492035,-5.171911421911412,8.230794812105092,8.974516804136389,17.822441102089705,4.006579720361891,819813293.0,662326059.0,157487234.0,13.882602584567794,15.304446630380152,10.499381063887125,13.382918345126061,15.988133971856943,6.183422803762628,9253.5,0.13840927807495795,0.9452538221962792,6.772221568369541,10.979052681319157,9261.443333333335,9167.406666666668,8823.809166666668,-0.08576776909863248,0.9391241870656097,4.869675048691646,-6.103024368464583
2017-01-01,35969.0,9463.0,10549.0,5.215585327326977,-15.729915891572755,2.665905523048373,1.4146393741292451,-17.375360167641663,1.2735445205479534,6.695660968949135,-27.006642679213954,10.391377145249049,92.8,87.96,60.77,78.24,-0.8652921696399973,0.06469700237221598,-4.45794296303923,2.1484148182557172,-2.2992335888037396,0.7098694756125346,14.617125612976235,-6.406899738179583,1.5371762740183925,-2.7833001988071704,-4.105895330310094,-5.541470481709531,754313775.0,639104454.0,115209321.0,3.2037321805038044,-10.016535922114734,-2.6106504013508003,3.9413427001910195,-8.429757504559987,-2.219770762023565,9447.95,2.101367050305303,1.6989016288271763,5.159381639974137,15.993939996636076,9314.053333333335,9244.663333333332,8932.370833333332,1.4375767657188954,2.198962356299994,5.77203047529844,-4.129904261310302
2017-02-01,33753.0,8732.0,9713.0,21.988506993386103,-22.620357634112796,-11.005352387481215,15.380549682875255,-25.704075555177397,-16.392186901570284,23.85870951287936,-33.390481415443695,-7.644765617571547,84.62,79.82,57.27,73.17,1.731185381101219,-10.672437453816109,-12.510339123242343,22.573710073710053,-15.846072746441752,-16.871485107269322,24.527071102413565,-15.092661230541138,-9.03748411689962,14.956794972505904,-14.540995094604071,-12.955032119914344,699726973.0,592681644.0,107045329.0,19.245451877791496,-11.783552849047663,-9.960336026550875,32.2543793867327,-10.14799397539029,-8.576756312527401,9750.47,3.201964447313954,5.516459233110882,7.516057714043112,15.92301180812159,9483.973333333335,9358.266666666666,9043.980000000001,2.809968536393992,4.190982660606668,7.811715638468875,-1.0601778801516137
2017-03-01,41124.0,10715.0,11369.0,12.283959044368608,-0.2740257535708168,-4.278199338950706,11.87095427020255,0.2995413273425118,-7.589478223372148,10.410799261920944,-12.532697338052012,-22.300437397484963,98.61,101.53,65.44,92.49,-0.010139931048469553,0.9314227226202565,11.436320488190766,15.035123498753666,2.9402818615025916,19.926765887077735,13.473209641061201,0.5377170072207615,-4.662004662004671,4.816409791477794,4.484862178038851,23.106615200319446,787447455.0,665184043.0,122263412.0,5.490636230625268,-3.9479523296775842,10.752282043414208,11.304952122963986,0.43150710456947294,16.488631010403076,9811.52,0.6261236637823631,6.030366888204464,7.032622983903969,12.197950103089482,9669.980000000001,9465.711666666668,9132.870833333334,1.463705198976606,3.653273472834484,7.430841616523454,-0.440692240955054
2017-04-01,35614.0,9086.0,10224.0,7.40372146325281,-0.9869609941894453,-16.561628751493572,4.125601650240651,-3.983937440557961,-20.667074129049155,13.134889897089753,-3.080860745094327,-29.255466371436476,88.12,89.95,54.98,82.47,-3.935462771176279,-5.043103448275854,-4.9816691826611965,9.255435442730487,2.262391996362001,-0.08885926913251296,1.5890613451589042,-9.527727497120297,-15.324195287232422,2.3836126629422694,5.40644171779141,1.078563549454592,733958315.0,650194618.0,83763697.0,2.732915851014539,-2.6985401400100417,-12.444775819627985,15.989857214911417,1.7352662668190355,-6.84076997609222,9872.0,0.6164182511985805,4.48827523431008,6.2634282441992095,17.83382470547512,9811.330000000002,9562.691666666668,9257.379166666668,0.6183667250005742,3.2345321183104625,6.639253100342013,0.0
2017-05-01,36813.0,9292.0,10132.0,9.143467046162046,9.06586081237224,-15.605226960110041,4.451438848920852,6.4131928538708305,-20.93933463796478,8.213179536473358,4.313806239061058,-30.51707584693457,96.22,98.84,60.46,86.48,-1.2824458807838335,13.708343181281023,1.5728913754882168,11.343922496338866,23.828614382360325,4.206642066420674,5.221023320570839,5.570106513008555,-10.363232023721281,-0.11550011550011119,18.190515238485716,1.0044382153702403,763785789.0,661044062.0,102741727.0,0.13930071181382786,9.154830165450822,-3.707486934383286,1.98790601257548,11.534424710477452,0.21591801037199598,10040.72,1.7090761750405026,2.9767795808817388,8.657451646031532,17.63357893244637,9908.08,9696.026666666667,9382.806666666665,1.3387053798515902,3.5549957233340868,7.011903332407288,0.0
2017-06-01,40353.0,10395.0,11469.0,13.02095003360968,-1.8748176247446735,-2.143705895191217,12.051309690632749,-2.9864675688287434,-2.695871946082562,10.940220545560075,0.8795848359574254,-11.763348207416524,98.92,90.12,64.68,89.62,3.951240016813795,0.31436973937735146,1.2487205731832152,3.5623994484026866,-11.23805771693095,-8.628206428064477,7.549052211506502,-1.161369193154016,-0.6298970656014702,5.299024791446372,-3.103038166288241,1.242657026660643,773795931.0,596190010.0,177605921.0,4.296883418861941,-1.7336425323769666,-5.6131514813092975,-4.419439575139117,-10.37217199150401,-9.985421545976047,10395.07,3.5291293851436922,5.947600371807837,12.336629383476527,19.944314827763666,10102.596666666666,9886.288333333332,9526.8475,2.8950312774372433,5.1463365169233555,9.113429180009437,0.0
2017-07-01,38721.0,9738.0,10887.0,10.520907663764811,8.724097265120466,7.65103283382913,4.216609589041087,7.175874972485152,2.906055162210719,13.928421933863543,6.484741784037551,3.204095174898103,98.54,83.57,62.01,86.58,1.4516627200658938,11.824784384929643,6.185344827586214,-4.31646439203115,-7.092829349638697,-4.9909049567985475,3.609022556390973,12.786467806475077,2.040480500246833,4.52734516479536,4.983630411058559,10.659509202453998,819557937.0,654389915.0,165168022.0,5.813014541383277,11.662736186863686,8.649472429427663,0.11883894603543776,0.6452371157584791,2.3916999645882564,10427.33,0.31033942051377217,5.6253038897893015,10.36605824543948,16.060264391317848,10287.706666666667,10049.518333333333,9647.090833333334,1.3571861820839803,3.75950024802183,8.087818184221174,0.0
2017-08-01,40778.0,10553.0,10537.0,7.517072270414227,10.770651671963716,20.81296477350161,1.043661432401377,13.570813603099442,20.854328905176356,0.19016829894455967,3.997236478484001,8.483475754143921,101.82,94.92,67.23,90.32,5.272952853598012,5.819995842860104,20.32616402741667,-1.1455946677775386,-3.966005665722383,18.917564520170394,6.782083862770016,11.19748594111809,17.391304347826097,7.447061622650475,4.440333024976861,23.438567719010518,836016161.0,661345616.0,174670545.0,7.577122388296065,9.456888703646715,19.477480968852113,2.014904671503004,0.04561783659136065,11.585304302084975,10585.78,1.5195644522615126,5.4284951676772275,8.566869084259544,16.72681762296211,10469.393333333335,10188.736666666666,9773.501666666667,1.1116849177507104,3.8968848280503288,8.311026702984826,0.0
2017-09-01,45921.0,11729.0,14669.0,6.887481960802577,13.79823061482417,11.664721330609872,1.1556705476498452,12.833092833092842,9.463369108726095,0.2528704209950883,27.901299154241865,29.02629958659513,94.06,92.27,68.68,87.17,6.294496553282869,-4.91306105944197,-4.6141364973126375,8.988896763524679,2.3857079449622676,-9.120457007780958,0.05827505827507018,6.18429189857761,4.951100244498785,16.02555570344737,-2.7337647846462865,-5.751973186290405,864963592.0,666056191.0,198907401.0,21.654709898667022,11.781873921484864,9.843975811694005,16.641363667819608,11.71877754207924,0.13111378860901635,10383.94,-1.9067088112543429,-0.10706998606069273,5.8341622908580915,13.277079912947197,10465.683333333334,10284.14,9874.925833333333,-0.781060641047493,0.9704263069153285,5.154612553630167,-1.9067088112543429
2017-10-01,46601.0,11974.0,15874.0,9.179298549773907,20.35071408279745,30.850227438647714,4.549026455950411,22.961593756418154,31.785163988553823,9.839468585662893,45.80692569119134,55.262128325508606,92.61,84.8,68.73,83.64,-0.14017683847314943,-6.017860767201144,5.095324557421699,-5.8091747195379355,1.471820031111637,-5.725403001667595,5.85245649160635,10.836961780358024,25.009094216078598,2.5125628140703515,-3.3957033957033977,1.4186977082575547,827972042.0,667572005.0,160400037.0,-1.2297070952995481,1.0266638415826757,12.809137123816082,-4.350955468357453,2.0144091004214104,2.67264393135902,10793.8,3.9470567048730976,3.514514262040236,9.337520259319287,16.1857973847485,10587.840000000002,10437.773333333333,10000.2325,1.945250400459364,3.4109446075982985,7.935490499845876,0.0
2017-11-01,48689.0,12646.0,16249.0,11.620816139385592,19.400166756584426,32.260342813679955,7.598060069769419,19.833222780252058,36.09556607834696,11.431902345357292,54.208977887444256,60.37307540465851,93.97,90.44,68.98,90.86,-0.8022801646785704,-7.709683755647212,-2.338391186863442,-4.649446494464938,-4.71976401179941,-8.498583569405104,2.2683469236471465,2.60300461103673,14.09196162752233,6.12006540527914,0.5978742249778568,5.06475485661424,863179727.0,684039877.0,179139850.0,8.823372124985895,3.24916757201299,13.01332643673998,3.7021405530104357,3.4315281527472985,3.4787113782439594,10560.44,-2.161981878485786,-0.23937773125835005,5.176122827845031,14.28169480483643,10579.393333333335,10524.393333333333,10110.21,-0.17915330998817813,0.34250588632505075,4.45322105079915,-2.161981878485786
2017-12-01,48471.0,12650.0,15896.0,17.542498241870174,5.5530149604756,20.117463385621882,18.412430965084713,7.852331827095238,21.693121693121697,22.295737805816284,8.364578362533237,38.59970354869648,96.71,90.71,71.07,91.18,-1.0133060388945792,2.8173506272591853,-2.2341285887585993,-8.030011152793271,-1.6906903652324723,0.654682645361726,9.18727915194344,3.4799068142108203,9.879406307977723,3.0049706281066513,4.600206493059544,1.740682883284994,881043966.0,696597761.0,184446205.0,7.46885583861836,1.8590810236091437,13.85998952739389,5.174445657739102,4.585434444223946,16.84156884815966,10642.86,0.7804599050797112,2.4934658713359203,2.3837261317143588,15.014426973577578,10665.700000000003,10565.691666666668,10225.99,-0.2141444068368914,0.7303670764573722,4.076573515131554,-1.3983953751227407
2018-01-01,43063.0,10649.0,12395.0,19.722538852901117,-7.592111757258424,11.213553368972917,12.533023354116036,-11.065642224820449,9.355103717395764,17.499289032135756,-21.91634118684641,13.851382382658217,102.52,93.78,64.31,93.06,10.474137931034488,10.700788251808646,4.038968946620658,6.616643929058674,10.589622641509443,12.217302859877964,5.825242718446599,-6.4309617343227155,3.709079180777297,18.94171779141105,11.2625538020086,7.484407484407485,808896873.0,728832858.0,80064015.0,7.236126371946483,-2.3038421628251093,-1.3008310356952824,14.039708757842572,9.176665968789388,11.375930663601386,11103.79,4.330884743386654,2.8719264763104935,6.487375003955953,17.525918320905596,10769.03,10678.435,10363.976666666667,3.108543666421215,3.983308415512221,7.138315312043986,0.0
2018-02-01,32454.0,7978.0,8880.0,-3.8485467958403685,-33.3442872106636,-20.412967776742363,-8.634906092533212,-36.91285782065476,-24.400644366530845,-8.57613507670133,-45.35048310665272,-15.725538578342979,83.58,69.12,54.23,67.49,-1.2290238714252055,-11.056720229860595,-17.91396582203889,-13.405161613630657,-23.573639982308702,-27.18078381795196,-5.308189278854558,-21.38300956799073,-19.33660568198722,-7.762744294109614,-25.720889280211324,-25.27679362267493,647842847.0,560662190.0,87180657.0,-7.41491010094304,-24.946934371177598,-22.508334500964267,-5.402471010220788,-18.03662200822248,-15.224025617491954,10815.47,-2.596590893739903,2.414956195007023,2.169797596398171,10.922550400134568,10854.04,10716.716666666667,10452.726666666667,-0.3553515557340958,0.9214887022299889,3.4703225761188783,-2.596590893739903
2018-03-01,42383.0,11312.0,10804.0,3.0614726193950004,-12.560087474985037,-7.704536051044187,5.57162855809612,-10.577075098814227,-3.555290306078951,-4.969654323159467,-32.03321590337191,-26.348080987115686,101.04,96.43,71.43,96.91,2.4642531183449945,4.477303277840972,7.420795237082722,-5.023145868216283,6.30580972329402,4.508507640619941,9.153422982885107,0.5065428450823362,4.004076878276064,4.778895015677365,6.284272866856755,11.173568888379016,871497910.0,697557114.0,173940796.0,10.673785846447359,-1.0834937152273683,0.7554442823299867,4.866784063850438,0.13771979379071375,4.729469288875654,10919.49,0.9617705009583588,2.5992073559174766,5.157483575598465,11.292541828381331,10946.25,10805.975,10545.0575,-0.2444672833162076,1.0504836444652055,3.550786707421927,-1.6597936380281064
2018-04-01,39111.0,10184.0,10194.0,9.819172235637662,-9.177251933214126,-16.072616467457777,12.084525643847677,-4.366607193163674,-14.94905628862535,-0.2934272300469498,-17.757160145219842,-35.781781529545164,92.14,84.98,63.68,85.69,4.5619609623241075,-10.124853687085444,-0.5075045891372421,-5.525291828793777,-9.383663894220518,0.21226415094339757,15.823935976718806,-0.9796299175866885,-7.347592026771432,3.9044501030677914,-7.919621749408989,2.450980392156854,775279664.0,655035460.0,120244204.0,5.629931312924774,-4.155932619113978,-6.364028654001341,0.7445220040255718,-10.12542137610376,-1.877931504931818,10657.88,-2.395807862821442,-4.015836034363051,-1.2592414163686616,7.960696920583454,10797.613333333335,10783.321666666667,10610.547499999999,-1.2941131435218578,-1.1632933760515773,0.446089139132555,-4.015836034363051
2018-05-01,41112.0,10597.0,10557.0,11.677939858202269,26.6777592900721,-15.562036599642626,14.044339216530343,32.82777638505892,-16.202751858295116,4.194630872483218,18.885135135135144,-35.02984799064558,100.05,97.37,66.88,96.28,3.9804614425275497,19.7056712132089,6.470150047887624,-1.487252124645888,40.87094907407407,7.662538699690402,10.618590803837247,23.326572008113587,-3.04436068425632,11.332099907493065,42.65817158097498,5.965221219458505,860858585.0,728874209.0,131984376.0,12.709426831192317,32.88077332124961,-0.2689059911157976,10.261062900221617,30.002383253274132,6.554344784200361,10874.96,2.036802816319949,0.550045444164704,2.9782849957009194,8.308567513086707,10817.443333333335,10835.741666666667,10680.067500000001,0.5317029624683167,0.3619349236977154,1.82482460902047,-2.0608278794898127
2018-06-01,40314.0,10372.0,10599.0,-0.09664708943573075,-4.881674256187618,-16.82861917435168,-0.22126022126022216,-8.309759547383312,-18.00790513833992,-7.585665707559508,-1.8974453905960753,-33.322848515349776,95.37,92.42,64.91,91.5,-3.588758592802266,-5.611638954869358,-1.385585771895348,2.552152685308484,-4.1584569117494645,1.8851284312644712,0.3555967841681884,-9.127817443651143,-8.667510904741803,2.097746038830617,-5.582499226086057,0.3509541566132812,840814491.0,684460102.0,156354389.0,8.661012201678275,-3.520767938502567,-4.566114354388528,14.805697935126428,-1.8775540722246853,-1.7424200420305347,10836.91,-0.3498863444095335,-0.7562624261755801,1.8232881011307045,4.250476427768168,10789.916666666666,10868.083333333332,10716.887499999999,0.43553008595988985,-0.286833771670858,1.1199380417122207,-2.4035036685672306
2018-07-01,41799.0,10706.0,11474.0,7.949174866351583,6.872746797576124,-2.9352344239834682,9.94043951530088,5.125687352710129,0.5352615269039296,5.391751630384856,12.55640572886012,-7.430415490116982,99.6,93.68,65.28,92.47,1.0757052973411785,8.096375081397866,-2.848224736636751,12.097642694746934,10.23770298893858,-0.10663254425250512,5.273343009192066,2.5125628140703515,1.5083190794588752,6.802956802956794,7.912241801843867,-0.6339995701697854,860423698.0,790994843.0,69428855.0,4.986317520099859,10.982363907329319,6.370011644240825,20.8751578942044,20.756034032111792,8.528976749289207,11057.51,2.035635619378584,3.749619999474585,-0.4167946259790667,6.043541347593306,10923.126666666669,10860.369999999999,10769.4025,1.230264350439314,1.8152236065622107,2.6752412680276283,-0.4167946259790667
2018-08-01,43676.0,11562.0,11592.0,7.106773260091215,6.236621910877593,34.578172182165524,9.561262200322185,9.106350854015277,44.923539734269234,10.012337477460376,9.80392156862746,30.54054054054054,101.28,98.25,68.71,91.61,-0.5303476723629852,1.2293853073463312,21.17731514716439,3.508217446270545,0.9037691280681992,42.14409722222221,2.2013981853339137,2.736244019138745,26.701087958694437,1.4282550930026616,-4.850436227669297,35.73862794488074,860893192.0,723668620.0,137224572.0,2.975663887913771,0.0040200563255154975,32.88611520318292,9.423666308842659,-0.7141958016516958,29.073911690032105,11063.94,0.058150523942557264,1.737753518173868,2.2973573963960936,4.517002998361952,10986.120000000003,10901.781666666668,10809.249166666666,0.7083483522845047,1.4874479997076806,2.356230570748097,-0.3588864702952832
2018-09-01,47858.0,12922.0,15575.0,4.218113717035776,18.71310214813713,12.917915201849794,10.171370108278621,24.585422290782887,14.232673267326735,6.176290135660234,46.94782526653458,44.15957052943354,93.8,88.82,72.4,84.88,-0.27641930682543725,-1.6462199853203408,-7.165479018210618,-3.73902676926412,-3.895260766067965,-7.891734937260198,5.416423995340702,11.539054074872922,1.357972840543198,-2.6270505907995956,-7.23497267759563,-12.413579609947378,906761875.0,772843320.0,133918555.0,4.832374840581721,7.843273957085017,4.046362543772486,16.032750756309678,12.912837102081376,10.792837531006816,11006.34,-0.520610198536875,1.563453050731245,0.7953668165820993,5.993871305111553,11042.596666666666,10916.256666666666,10861.115833333333,-0.32833460970381756,0.8252218327589045,1.3371017204417024,-0.8776282692666282
2018-10-01,48986.0,12736.0,16353.0,5.117915924550975,17.19419124859447,25.248651274577494,6.363788207783538,18.961330095273677,25.05891594658287,3.017512914199316,42.52222415896809,60.41789287816361,98.75,95.99,74.86,91.3,6.629953568729086,-0.8534136546184734,7.173865856305617,13.195754716981135,2.465841161400495,12.955989644622257,8.918958242397789,14.675245098039213,17.55653266331658,9.158297465327593,-1.2652752243971,6.5468549422336375,906308162.0,803903731.0,102404431.0,9.461203522135353,5.332775481039809,16.90080419805775,20.42202563602109,1.631981309895858,22.72674993808732,9802.13,-10.94105760861468,-11.353188918662527,-8.02927036146025,-9.187403880005185,10624.136666666667,10773.631666666666,10778.476666666667,-7.737162015674381,-9.01740190053525,-9.05829920925747,-11.72266406335135
2018-11-01,47684.0,12202.0,16251.0,-2.064121259422047,9.176664529718837,15.985600311344616,-3.510991617902892,5.535374502681201,15.145795979994347,0.01230844975075307,40.19151138716357,53.9357772094345,98.31,95.67,69.68,89.84,4.61849526444611,-2.9324644549763024,-1.7391304347825987,5.782839451570099,-2.6259541984732793,-1.7459176337681015,1.0147868947520955,1.4117304613593618,4.186602870813405,-1.1226062073519616,-1.9321034821526029,-6.688824262567506,854328791.0,709171483.0,145157308.0,-1.0253873814624503,-0.762510501999647,-0.7585210990258107,3.6739972105456653,-2.003283906382458,-2.703172338479598,9888.03,0.8763401423976358,-10.628311433359183,-9.075251771040982,-6.367253637159054,10232.166666666666,10609.143333333333,10722.4425,-3.3632824589122423,-6.797092947812622,-7.781925620025465,-10.949054331899289
2018-12-01,43382.0,11634.0,13836.0,-10.499061294382205,-9.352668310418322,7.610259463213764,-8.031620553359687,-9.967497291440953,12.167373698418826,-12.959235027679917,-11.165329052969497,30.540617039343342,95.1,95.52,68.43,88.83,-1.6647709647399478,1.3859275053304865,-0.2831078955646493,5.302612721860878,7.543346093222247,3.3542523263362822,-3.7146475306036097,-5.48342541436464,5.422893236789417,-2.577319587628879,4.653628652214903,-2.9180327868852496,875183001.0,731119474.0,144063527.0,-0.6652295715285583,-3.4825983392828497,4.087525889227339,4.955759971212426,-5.398745763889112,6.816960092145741,9727.41,-1.624388275521016,-11.619939053309281,-10.238158294200094,-8.601541315022477,9805.856666666668,10424.226666666667,10646.155,-0.7999980963757536,-6.684588592982765,-8.629829266998279,-12.39558745257251
2019-01-01,40535.0,10434.0,11680.0,-5.8704688479669365,-17.251867880618953,-3.0239957893729463,-2.018968917269226,-18.074748743718594,-2.540631421632733,-5.7684550221863695,-28.575796489940686,1.7953634303643051,101.28,102.72,64.42,92.05,-1.2095200936402595,2.562025316455707,1.6867469879518149,9.532949456174023,7.011146994478601,9.649871904355244,0.17104649354688917,-13.946032594175794,-1.3174019607843146,-1.0853212980872606,0.8214676889375605,-0.4542013626040897,835722475.0,808352453.0,27370022.0,3.316319161985426,-7.788265620849611,-2.8708208592367224,10.910539244650796,0.5533898933975712,2.194402422924524,9932.26,2.105904860594965,1.3275685998859643,-10.176341689946467,-10.550721870640567,9849.233333333335,10236.685,10548.5275,0.8429759338290044,-2.9738631207270605,-5.842213522219097,-10.550721870640567
2019-02-01,28948.0,7328.0,7896.0,-10.80298268318235,-39.29200570421945,-33.721036724974816,-8.14740536475307,-39.94427143091297,-36.61996194430029,-11.081081081081079,-51.412220786413144,-31.88405797101449,83.08,70.05,52.45,67.38,-0.598229241445325,-15.491811616315744,-17.9699842022117,1.3454861111110938,-26.779554719347765,-28.702290076335878,-3.2823160612207136,-24.72732491389208,-23.664677630621444,-0.1629871092013624,-25.00000000000001,-26.449077611614456,625791944.0,469674765.0,156117179.0,-3.403742605496418,-26.750455961164022,-27.308991427127005,-16.228564476587948,-33.77134074636783,-35.098088818608716,10389.17,4.6002621759800855,5.068148053757926,-6.098821938658383,-3.9415762791630837,10016.28,10124.223333333333,10513.0025,3.722839217753493,2.6169579427821166,-1.1778985118666152,-6.435820562168415
2019-03-01,38631.0,10062.0,10795.0,-8.852605997687757,-10.951546724447924,-19.27995319486815,-11.050212164073548,-13.512119649303767,-22.132796780684107,-0.08330248056275247,-21.978895634576467,-30.690208667736762,95.57,91.83,64.66,88.43,-5.413697545526541,0.49421661409043693,1.8869936034115131,-4.770299699263725,-3.863065326633164,3.3888763791938725,-9.477810443791135,-5.509279555750412,-10.690607734806646,-8.75038695697038,-0.4502983226387425,4.182375117813408,877421789.0,782332556.0,95089233.0,0.679735307684215,0.25580798500906,-3.2356991189114614,12.15319008272633,7.004748720453313,1.22783438174765,10641.04,2.4243515121997294,9.39232539802477,-3.3189961422234737,-2.550027519600262,10320.823333333334,10063.34,10489.798333333334,3.1026271482863077,5.740638793879582,1.4417976576925007,-4.167495963090085
2019-04-01,37709.0,9717.0,10532.0,-3.5846692746286157,-6.971752806216847,-23.020863103743928,-4.5856245090337815,-6.871765382403683,-23.70445979899497,3.3156758877771253,-9.828767123287674,-35.595915122607465,94.91,91.34,64.34,87.36,3.006294768830031,-6.289494470774093,-3.8886075949367105,7.484113909155088,-11.078660436137067,-4.844254609855181,1.036432160804024,-0.12418503570319483,-14.052898744322729,1.9488855175633146,-5.095057034220529,-4.315443592552026,788033141.0,704518846.0,83514295.0,1.6450163202010648,-5.7063601167361195,-13.050199254412098,7.55430644930275,-12.845090852962382,-12.362784394142833,10967.73,3.0700946524023776,10.425321125302789,11.891293014885541,2.907238587786698,10665.980000000001,10257.606666666668,10515.619166666667,2.8290883725639704,6.922894944304714,4.299421899629774,-1.2253473813896076
2019-05-01,38760.0,9930.0,10658.0,-5.720957384705194,33.895260467044366,-18.71487291334619,-6.294234217231287,35.50764192139737,-18.61989837731519,0.9567111868902245,34.979736575481255,-34.41634360962402,102.34,94.8,66.34,89.91,2.2888555722138992,23.182474723158396,4.09927779473096,-2.639416658108251,35.33190578158458,-0.9093759799310153,-0.8074162679425734,26.48236415633938,-4.793340987370842,-6.616119651017871,33.4372217275156,0.0779162956366708,852951443.0,714673273.0,138278170.0,-0.9185181094523154,36.299524335199806,-0.16121989736385123,-1.9483383860547598,52.16343867229061,0.7758053068809057,10498.49,-4.278369361754897,1.0522496022300043,6.173727223724024,-3.4618058365272097,10702.420000000002,10359.35,10484.246666666666,-1.9054568966645147,1.3431344630695952,0.13585461870730953,-5.451291856204065
2019-06-01,38537.0,9929.0,11094.0,-4.407898000694543,-0.24332789728456206,-11.168226453367758,-4.27111453914385,-1.3218048101769075,-14.655320611999311,4.67025191055761,2.769800833719316,-19.817866435385945,95.1,88.05,67.83,84.12,-0.2831078955646493,-0.49178612535314414,0.0,-4.7284137632547125,-4.116301862136562,-7.820351758793964,4.498536435063927,4.902567274976799,-0.8768084173608193,-8.065573770491795,-4.873911568472245,-5.302262749071252,887814153.0,767429762.0,120384391.0,5.5897778288885425,1.1844205523827034,1.4432583797408638,12.121913279906572,-1.9049180410178446,4.966395957331593,10730.83,2.2130801667668454,0.8438084999210504,10.315387137994602,-0.978876820052943,10732.35,10526.586666666668,10475.406666666668,-0.014162788205751564,1.9402617372646036,2.438314248420581,-3.358853148339447
2019-07-01,40566.0,10565.0,11111.0,-2.9498313356778882,7.576440637513593,0.07647711853953076,-1.3170184943022578,8.72697334568282,1.255510829978923,-3.163674394282723,5.49753133308013,-4.87157534246575,101.58,97.69,71.88,89.5,1.987951807228927,7.027710462543468,0.296208530805675,4.280529461998284,6.95204729581782,-4.896806853582558,10.110294117647056,11.718992850481813,11.58025457932319,-3.211852492700329,2.449633699633691,-2.7702335687126545,872903087.0,761388503.0,111514584.0,1.450377183823215,10.769844767226623,4.448918524059087,-3.7429245287759705,8.07212714363641,-5.809835774692695,10823.81,0.8664753798168334,-1.3122131927025937,8.976305493412372,-2.1134957146771827,10684.376666666669,10675.178333333333,10455.931666666665,1.3050207577231632,1.3923108544478646,3.5183697164560046,-2.52148140409717
2019-08-01,40083.0,10934.0,10471.0,-8.22648594193608,3.4133126934984492,38.46552438855879,-5.431586230755925,10.110775427995966,49.2085152838428,-9.670462387853696,-1.75455057234003,32.61144883485309,98.09,95.51,77.33,84.05,-3.1496840442338025,-4.15282392026578,18.066923447279738,-2.7888040712468087,0.7489451476793363,36.34546752319774,12.545481007131421,16.566174253843833,47.43565300285986,-8.252374194956879,-6.5176287398509665,24.740279014544384,902168993.0,713607126.0,188561867.0,4.794532165379239,5.770263993796898,44.16436671163029,-1.3903454871374676,-0.14917963778393606,51.9364418056397,10618.05,-1.9009941970526079,1.1388304413301187,2.203063382349102,-4.030119469194526,10724.230000000001,10713.324999999999,10418.774166666666,-0.9900943937233952,-0.8893130750723954,1.912661030420315,-4.374542385978131
2019-09-01,45559.0,12371.0,15417.0,-4.803794558903418,18.221449516049514,17.933783748802767,-4.264045813341588,24.5946218148857,22.947724110514798,-1.0144462279293776,38.967009194159004,42.81611857341361,89.17,87.87,77.07,80.63,-4.936034115138588,-6.235541535226075,-6.696662132468334,-1.069578923665826,-0.20442930153321548,-4.312316236524005,6.450276243093911,13.622291021671828,19.192700278379206,-5.007068803016024,-4.148834997622453,-8.82053601718875,877091610.0,778724327.0,98367283.0,-3.2721120966846984,-1.207746346886629,-0.03763059045710504,0.7609572144584131,1.4717392469332014,-0.4612142205162151,10829.68,1.9931154967249176,0.9211775789943699,1.7727590536263271,-1.605074893197922,10757.18,10744.765,10404.0525,0.6739684564170068,0.7902918304867557,4.090978010731883,-2.468616571458937
2019-10-01,47312.0,12947.0,16315.0,-3.4173029028702118,16.62968988808362,25.466069108170466,1.6567211055276365,22.546142924751543,33.240712153956984,-0.2323732648443766,46.83646836468365,54.90884922142043,94.8,97.09,77.08,85.82,-4.0000000000000036,-6.674542232722979,-0.11589927299546776,1.1459527034066053,-0.6141877367181858,6.295160937157873,2.965535666577601,7.234279354479689,19.801056885296852,-6.002190580503841,-4.111731843575428,-1.7628205128205177,894737955.0,772782395.0,121955560.0,-1.2766305639869135,2.5014080400428185,13.540650570176972,-3.8712764725307602,1.496462312617819,9.689385796785333,11358.71,4.885001218872564,4.94188275662637,3.5648215264234118,15.880017914473687,10935.480000000001,10809.928333333331,10533.7675,3.8702462077567557,5.076644818952714,7.831409797111988,0.0
2019-11-01,44567.0,12469.0,14942.0,-6.53678382686016,11.186787416111565,14.981940144478845,2.1881658744468124,14.038778123285155,25.568982880161116,-8.054888929912007,42.698882628211244,40.19515856633515,93.69,96.0,78.06,83.97,-4.699420201403726,-4.485676419614649,-8.452218096540943,0.3449357165255629,0.51303528426343,1.2658227848101333,12.0264064293915,0.9440062071641053,17.666566174253838,-6.53383793410508,-0.09518143961927406,-6.6066066066066025,870368864.0,740257982.0,130110882.0,1.8775058465751782,-3.524852798836986,2.0420178830742763,4.383495352703015,3.7346678626076324,3.5799168608338316,11489.57,1.1520674442784484,8.207910115322491,9.440214735642938,16.19675506647935,11225.98666666667,10975.108333333332,10667.229166666666,2.347974758566118,4.687531558154712,7.7090387811580285,0.0
2019-12-01,43817.0,12179.0,13893.0,1.002720022129,-3.8236133365526004,13.701118405688039,4.68454529826372,-1.5520168135154777,22.660892335582638,0.411968777103211,-9.885191671531423,25.229853975121696,98.11,102.97,79.18,90.51,3.1650893796004276,10.025793428283048,3.1650893796004276,7.799413735343386,17.184477068396497,16.94491766042021,15.709484144381115,2.737770857661892,16.733008993070932,1.891252955082745,12.253503658687848,7.596291012838807,896939991.0,821665842.0,75274149.0,2.4859932122927475,2.2629769540265077,1.02789958564673,12.384619917811124,5.514341020452029,7.067236988392955,11997.14,4.417658798371038,10.780189257669658,11.80067152307882,23.333343613562075,11615.14,11186.159999999998,10856.373333333335,3.288810982906787,7.249851602337198,10.507806167314303,0.0
2020-01-01,35365.0,10303.0,9700.0,-12.75440976933514,-25.251521812647958,-12.821081694029479,-1.255510829978912,-20.421719317216347,-2.4798864174159996,-16.952054794520542,-40.545510266625804,-12.699126991269916,92.14,82.93,74.26,74.95,-9.024486571879942,-2.8059071729957807,-9.293167946446147,-19.26596573208722,-14.584406221032031,-15.109018323267465,15.274759391493319,-3.658536585365846,3.311074012242643,-18.576860401955454,-12.66604521090654,-16.256983240223466,751690182.0,648953174.0,102737008.0,-10.055047640067361,-15.987672390627484,-13.886181273179531,-19.719032014862947,-16.023814957637594,-14.767142996904436,11495.1,-4.1846640115894225,1.2007525502455874,6.201975090102296,15.734988814227568,11660.603333333334,11298.041666666666,10986.61,-1.4193376500529875,1.7441813293601838,4.62827023076271,-4.1846640115894225
2020-02-01,28740.0,8821.0,6046.0,-0.7185297775321287,-35.512823389503446,-28.298780031434777,20.373908296943235,-29.256556259523613,-19.32504115602707,-23.42958459979737,-59.53687592022487,-42.2595740616942,92.0,85.79,69.76,81.08,10.736639383726532,-1.8038211121784609,-6.208583953512081,22.46966452533905,-10.635416666666664,-10.176944822531675,33.002859866539566,-10.632846528311546,-9.789215052372935,20.332442861383203,-3.4417053709658196,-3.5336109458655507,760748687.0,661756789.0,98991898.0,21.565752690482064,-12.594680431950744,-15.675589285077551,40.89681590621544,-10.604572312467141,-7.265950003980204,11292.17,-1.7653608929021902,-1.7180799629577082,6.348811693295864,8.691743421274278,11594.803333333335,11410.394999999999,11061.86,-2.610077330620253,-1.036116628740713,2.0820187563393544,-5.876150482531662
2020-03-01,40321.0,12453.0,11537.0,4.374724961818233,-7.97863842800739,-11.49717948155139,23.762671437090034,2.24977420149437,0.6628405141055671,6.873552570634556,-16.958180378607935,-25.167023415709934,97.42,95.78,81.8,90.6,1.9357538976666477,-0.7032922230149841,9.251990579791403,4.301426549058052,-6.982616296008548,9.001934676226231,26.507887411073305,3.308916393028527,6.13727779940314,2.4539183534999287,0.09943652635067135,12.365124643432956,850839544.0,765478795.0,85360749.0,-3.0295856945034227,-5.13974708035958,-2.993081418256871,-2.1542962606812432,-6.838187025425846,-1.7009269571720997,9708.06,-14.028393125502014,-19.08021411769805,-10.356908052684854,-8.76775202423824,10831.776666666667,11223.458333333334,10984.111666666666,-10.374259932119479,-13.502062272843718,-11.617249581858157,-19.08021411769805
2020-04-01,38586.0,11292.0,12486.0,2.3257047389217522,9.10787501767285,-18.44352384173148,16.208706390861384,9.599145879840831,-12.782884065806755,18.55298139004937,28.721649484536083,-23.469200122586575,90.74,86.94,76.98,81.04,-4.393636076282792,-1.5194269589754783,-4.282700421940932,-4.817166630172986,4.835403352224765,-10.45421773612113,19.645632576935036,3.662806356046322,-0.12973533990657815,-7.234432234432231,8.125416944629759,-5.569797250058251,761338116.0,687824718.0,73513398.0,-3.3875510573228573,1.2834987380478946,-14.909375225956524,-2.369578627283453,5.989884256271472,-10.993738670767728,10992.14,13.22694750547484,-4.375429530843588,-3.2272150622737916,0.22256200690571326,10664.123333333335,11162.363333333333,10986.145833333334,3.0758896574401673,-1.524975744383883,0.05456114234783094,-8.376996517503343
2020-05-01,38947.0,11266.0,13020.0,0.48245614035087314,35.51496172581767,-12.61022729822514,13.454179254783494,27.717945811132516,-9.647926858609345,22.16175642709701,115.34899106847503,-12.863070539419086,88.19,88.63,79.39,78.52,-13.8264608168849,-4.141304347826091,-5.870423737858898,-6.5084388185653985,3.310409138594239,-7.677083333333334,19.67138981006933,13.804472477064223,1.703817576223421,-12.668223779334886,-3.1573754316724267,-6.490413242824822,808080372.0,664463103.0,143617269.0,-5.260682934327365,6.221724178933741,-7.156562530711119,-7.025611828077971,0.4089590080503136,-10.238981658153879,10942.16,-0.45468853198740167,-3.0995813913534787,-4.764408067490777,4.2260363156987335,10547.453333333333,11071.128333333334,11023.118333333334,3.7421987487658903,-1.1649068590870892,-0.7344412976908687,-8.793595807000665
2020-06-01,41048.0,12305.0,12992.0,6.5158159690686945,1.8030306788026085,-6.319465047812489,23.92990230637526,-1.1884686420942758,1.0345676984974128,17.10834685415541,12.611597469012747,-6.4852803570143225,88.77,89.81,82.93,80.7,-6.656151419558354,-8.87908027099159,-9.51992661298543,1.9988642816581637,-6.233034036333263,-12.780421481985037,22.261536193424746,1.3814180929095476,4.736044455670618,-4.065620542082737,-10.927152317880784,-10.838581372224066,809337954.0,660675147.0,148662807.0,-8.839259740884087,-4.877722279443086,-9.766766771356949,-13.91066913039528,-13.69125424303883,-19.593207697199123,11621.24,6.206087280756267,19.70712995181323,-3.1332467571437816,8.297680608116975,11185.180000000002,11008.478333333333,11097.319166666666,3.8985514761496587,5.566270361011139,4.721147742664278,-3.1332467571437816
2020-07-01,45615.0,13248.0,14436.0,12.446383671054573,18.216451562742964,28.983458221405336,25.395172740179838,17.321997874601493,28.583907599728242,29.92529925299252,15.617491590581455,48.824742268041234,95.71,98.19,82.92,85.2,-5.778696593817689,5.477187568878117,3.874538745387457,0.5118231139318308,12.939958592132506,18.401061135897724,15.358931552587652,7.71628994544038,11.661729060059244,-4.804469273743017,5.13326752221126,13.675783855903934,833090923.0,673283384.0,159807539.0,-4.560891649132182,9.424565182284915,10.829028095513959,-11.571637692564419,-2.114104599538391,3.749147238164219,12664.8,8.97976463785275,15.216873147539967,10.175640055327918,17.008705806920112,11742.733333333335,11203.428333333331,11250.735,7.852232018666849,13.043968535226647,12.568645515159659,0.0
2020-08-01,45534.0,14022.0,13233.0,13.599281490906368,16.9127275528282,58.43423799582463,28.242180354856416,24.462985975501518,58.96156898310849,26.377614363480095,1.635944700460823,118.8719814753556,91.91,97.84,89.0,83.56,-6.300336425731478,4.218165324866763,-0.09782608695652062,2.4395351272118004,10.391515288277109,14.045926098612881,15.091167722746679,12.104799093084772,27.5802752293578,-0.5829863176680439,6.41874681609782,3.0587074494326627,919517618.0,728500623.0,191016995.0,1.9229906075922898,13.79036663447135,20.870089388665612,2.087072347985486,9.63748321176534,10.0858555755595,12591.45,-0.5791642978965172,15.07280098262136,11.506025856854807,18.585333465184295,12292.496666666668,11419.975,11415.185,2.431998490135845,10.258122281353499,10.304388408948274,-0.5791642978965172
2020-09-01,50071.0,16049.0,13935.0,9.903641431989296,21.981582537517053,24.180947893157413,29.730822083905917,30.42665583096302,28.87657592547981,-9.61276512940261,7.258312807881784,20.78529947126635,95.64,99.73,92.43,88.76,7.25580352136368,7.739101047651231,-1.8271402176144536,13.497211790144537,11.045540585680879,4.124034245145136,19.92993382639161,11.455444350657174,12.995110024449886,10.083095621976934,9.987608426270134,-2.030905077262679,903919342.0,696337555.0,207581787.0,3.058714927167072,11.686266229397656,6.238520338448206,-10.579709551054005,5.397873396923769,-9.032417416605254,12515.61,-0.6023134746196868,7.695994575449783,28.91978417933141,15.567680670158301,12590.62,11887.9,11555.679166666667,-0.5957609712627376,5.280242936094703,8.307004889010216,-1.1779893879097836
2020-10-01,51637.0,15209.0,17027.0,9.141444031112611,13.201797654280401,33.82314829212667,17.471228856105657,14.802234299516904,34.68827488487425,4.3640821330064306,17.9481850928235,36.36873298093866,95.61,95.77,89.52,88.05,0.85443037974684,-0.10448229025179501,5.366982587612967,-1.3595632917911327,-2.464609430695597,10.15642972164712,16.139076284379872,7.959479015918958,16.28994544037412,2.598461896993709,3.3450704225352013,8.65004935834155,935879598.0,720228353.0,215651245.0,4.598177910089896,12.338230097364766,22.92561981751613,-6.800626196977477,6.972542337388199,4.711030899590329,12546.34,0.2455333779176616,-0.9353483671277751,14.139194005898759,10.45567674498249,12551.133333333337,12146.933333333334,11654.648333333333,-0.038190442297403315,3.2881275932471254,7.650953003157968,-0.9353483671277751
2020-11-01,57834.0,17186.0,20823.0,29.768662912020094,27.01278165766241,48.494107376691396,37.8298179485123,22.564541434888042,52.54748801704243,39.35885423638068,57.356608478803,59.93087557603687,98.1,97.35,90.12,92.78,4.707012487992301,6.734849309106727,11.237101712212262,1.4062499999999867,-0.500817661488151,9.838655082929026,15.449654112221367,1.2584269662921477,13.515556115379779,10.491842324639755,11.03398755385352,18.160978094752945,921390913.0,773133983.0,148256930.0,5.862117903151454,0.20372584095500468,14.022187015823228,4.441154543335957,6.126742873080571,16.35468990066706,13722.89,9.377635230672855,8.985780033276548,25.412989757049797,19.437803155383527,12928.28,12610.388333333334,11840.758333333331,6.146293242411205,8.822104738249514,15.895364246800092,0.0
2020-12-01,60603.0,19288.0,19206.0,38.30933199443138,21.034131533222823,47.63934905476515,58.370966417604066,20.18194280017447,56.749288906948394,38.242280285035626,37.825618945102256,47.82943349753695,101.08,105.23,93.54,104.83,3.0272143512384053,5.687996654119609,13.867297510420196,2.1948140235019897,5.514890203549583,17.16958022491928,18.13589290224804,1.2009087958455122,12.793922585312911,15.82145619268589,18.105002253267234,29.90086741016109,942902578.0,779926036.0,162976542.0,5.124377044305528,4.312689660312641,16.502948285062136,-5.079900351997346,12.004017361953135,18.049852418619892,14732.53,7.3573423673876315,17.713239706254825,26.772444248634407,22.800350750262165,13667.253333333334,13128.936666666666,12068.707500000002,7.794372729365762,12.214190486612143,22.072144013764515,0.0
2021-01-01,52775.0,16930.0,15093.0,49.229464159479704,2.2038460793617043,15.69659103365122,64.32107153256332,11.31566835426392,27.792874396135268,55.597938144329895,-11.358430727667823,4.551122194513724,100.98,100.98,92.26,97.62,9.594095940959413,5.616567304675257,5.506216696269983,21.765344266248633,5.440116946851847,2.8414298808432603,24.239159709130085,3.0607685433422738,11.263868789194408,30.246831220813885,10.868824531516186,14.577464788732385,974871466.0,801519845.0,173351621.0,29.690594522092617,4.166333797993538,17.018615745979027,23.509657878643807,11.286905279609293,19.046431866199143,15138.31,2.7543130745364186,20.659172316388673,19.530588718337437,31.69359118232986,14531.243333333334,13541.188333333334,12372.308333333334,4.177664999072106,11.794545850419569,22.35639132282643,0.0
2021-02-01,42663.0,13443.0,11393.0,48.444676409185796,-26.231974271189962,-6.305178547898271,52.39768733703662,-21.779355289188874,-4.129225502781342,88.43863711544824,-45.28646208519426,-13.904632358497693,83.0,76.61,81.94,77.65,-9.782608695652172,-15.392456676860345,-9.694266129909689,-10.7005478493997,-21.30457113507961,-21.69869174161897,17.459862385321088,-9.076786506879719,-7.932584269662923,-4.230389738529839,-16.307393834878205,-7.072762087123019,788187031.0,663326307.0,124860724.0,3.606755354150226,-14.456826100693265,-14.282552550287297,0.23717444627531226,-14.202929688061584,-8.946363797412982,15953.8,5.386928924034451,16.256852601747873,26.703437650151486,41.2819679477018,15274.88,14101.58,12760.777499999998,4.444683035153152,13.134840209394971,25.022162638600996,0.0
2021-03-01,53723.0,15844.0,14024.0,33.23826293990724,-11.352573304951896,7.293643026901808,27.23038625230869,-17.855661551223555,-1.2773381519097793,21.556730519199107,-26.98115172341976,0.6386795837818537,104.11,104.1,102.32,104.87,6.867173065079046,2.997625643055013,8.856127143454628,8.686573397368957,-1.0738382590516071,4.38183094354756,25.085574572127143,9.386358776993786,10.699989181001834,15.750551876379703,0.038157016121354026,18.150067598017117,1013085916.0,912353381.0,100732535.0,19.068974067336008,7.443328678649563,12.077026005269387,19.187283430888513,16.97947483317508,31.021711302071008,16431.13,2.991951760709055,11.529587925495477,31.28509117813674,69.25245620649237,15841.080000000002,14754.166666666666,13321.033333333333,3.7248091670517347,11.366032194295418,23.347262849979124,0.0
2021-04-01,54998.0,17111.0,15455.0,42.53356139532474,4.212221695878737,6.508898657939066,51.53205809422601,1.0691080921441332,12.505753172463674,23.77863206791606,2.3984628635791427,-9.23239560697715,98.01,96.59,91.74,98.42,8.011902137976644,-2.941176470588236,2.5101976780671498,11.09960892569588,-4.3473955238661155,0.856218022345212,19.1738113795791,-0.5636245393453421,2.479892761394109,21.446199407699893,0.8195041999590202,11.777399204997163,994716944.0,822330303.0,172386641.0,30.653769080438376,2.0357020070992604,6.286849945841011,19.555212466208573,2.59637464122926,14.176330267297876,17566.66,6.910845450069458,16.041090451972508,40.01421928626196,59.81110138699108,16650.530000000002,15590.886666666667,13868.910000000002,5.502107140133061,12.67261686634884,26.66215297380974,0.0
2021-05-01,52364.0,15805.0,13566.0,34.44937992656687,22.73867285469846,-9.458104229346064,40.28936623468844,17.57048277914155,-8.035610380542302,4.193548387096779,19.07311507065743,-34.85088603947558,103.03,100.9,95.4,101.91,16.827304683070654,24.13253012048193,5.0254841997961375,13.844070856369184,31.706043597441603,3.6466358500256923,20.16626779191335,16.42665364901148,5.858854860186424,29.78858889454916,31.242755956213774,9.840482862685928,1047755506.0,877602972.0,170152534.0,29.659813838418536,32.93234534329707,13.714547345443595,32.07700593722809,32.303356996212116,13.51240422709501,17068.43,-2.836224985284619,6.986611340244964,24.379267049433473,55.98775744459961,17022.073333333337,16148.476666666667,14379.4325,0.27233266922828125,5.696842818816972,18.70030336732691,-2.836224985284619
2021-06-01,53812.0,16792.0,13890.0,31.09530305983239,0.1656646129218453,-11.205715888652378,36.464851686306375,5.983337541025002,-12.940688510991293,6.911945812807874,-0.9555048488305795,-27.67885035926273,101.92,103.0,102.7,102.38,14.813563140700703,-2.1035443281144928,0.8310249307479367,14.686560516646253,-1.056676272814594,-2.1191675377744024,23.83938261184131,0.37138389366693225,9.792602095360259,26.864931846344486,-2.374368265471549,-2.3371172374320404,1016285845.0,875076604.0,141209241.0,25.57002176621017,0.31585958796411795,7.782698733908866,32.45187259934874,-4.085782743430199,12.19994763708594,17755.46,4.025150526439747,8.059883891126152,20.51874321654188,52.78455655334542,17463.516666666666,16652.298333333336,14890.6175,1.671732783870361,6.624681137608701,19.239245786818437,0.0
2021-07-01,55388.0,16341.0,15078.0,21.424969856406896,0.7091166951525452,4.951207958313586,23.346920289855078,-4.500029220968971,-3.4790313053750688,4.447215295095597,-2.439340019411196,-0.09938382031404736,104.85,103.45,100.59,104.4,9.549681329014724,6.97887970615243,3.832442067736186,5.3569609939912555,7.102184491148145,2.44602891661716,21.30969609261939,9.646827992151753,9.028831562974204,22.535211267605625,6.076000812842919,6.945298094652741,1058491203.0,895040698.0,163450505.0,27.05590395683617,6.41129714183295,8.577514053529601,32.93669787044677,8.841993872138755,11.667939800043259,17247.41,-2.861373346564944,-1.8173631185438799,13.932202471742228,36.18383235424167,17357.100000000002,17003.815000000002,15272.501666666665,-0.6319604081327035,1.4325902745942365,12.9311384371541,-2.861373346564944
2021-08-01,53607.0,16508.0,13838.0,17.72960864409012,2.373768237720575,25.652204486323036,17.72928255598345,4.447959506485288,22.799970244737032,4.57190357439734,2.0050125313283207,21.460545949267097,103.3,103.26,104.47,101.86,12.392557937112404,0.26205959429292935,24.457831325301193,5.53965658217499,2.3389494549058476,34.78658138624202,17.38202247191012,9.50733752620545,27.49572858188918,21.90043082814743,-0.049062898636054175,31.178364455891817,1102421565.0,1006440502.0,95981063.0,19.891293371607798,5.217444211646072,39.868016300816286,38.15231864256072,14.68061687466573,51.72630594914729,17490.29,1.4082114358039854,2.4715805730228357,9.630871641865891,38.90608309606915,17497.72,17259.896666666667,15680.738333333335,-0.04246267513710045,1.3348476980066915,11.539964689162696,-1.4934560974483202
2021-09-01,63020.0,19492.0,19389.0,25.861276986678906,17.111424960975242,17.305437149824087,21.45305003427005,16.07908527870414,23.024488765463257,39.13885898815932,39.58963282937364,38.255847119224185,99.2,99.78,109.06,100.27,3.7222919280635702,-2.6687598116169498,-4.7161655940831775,0.05013536548681419,-3.126213592233007,-4.1498559077809745,17.991993941361017,6.192794547224922,6.587177482408135,12.967552951780071,-2.060949404180501,-4.386383141031757,1100099189.0,924486405.0,175612784.0,21.70324694744723,8.247024635081868,8.588933241077656,32.76411682262348,5.646340077445378,1.3298601454955206,16934.77,-3.1761623163480968,-4.622183824018067,3.0651574176578267,35.30918588866223,17224.156666666666,17343.836666666666,16049.001666666665,-1.6801209618971136,-2.358570796811388,5.5191491142595694,-4.622183824018067
2021-10-01,59228.0,17215.0,18511.0,14.7006991111025,6.932909655521047,7.691188770500745,13.189558813860213,5.3485098831160816,0.6077961545204902,8.715569389792677,22.76827165406552,19.773536072468456,98.48,101.71,104.48,100.62,3.001778056688642,-6.075345731998083,0.47954290378533493,6.202359820403047,-1.6819719671338884,5.30075577181901,16.711349419124222,3.8671836166616957,13.887072160453462,14.275979557069851,-3.6206896551724155,2.2353180247917104,1118501697.0,951944889.0,166556808.0,19.51341811385443,5.669437197958471,12.444218804822139,32.17264844334724,6.35772106532746,15.761864244470146,16987.41,0.3108397693030396,-1.5074727161933255,-3.2974395815709934,35.39733499968916,17137.49,17247.295,16419.090833333332,-0.8757408465300487,-1.5068159963634753,3.4613315221625474,-4.325711640250374
2021-11-01,65670.0,20270.0,21186.0,13.549123353044923,22.502658234932007,25.410587426476194,17.94483882229723,22.78895081172765,28.250553622271426,1.7432646592709933,53.10015898251193,56.16983635559487,100.39,103.14,106.76,102.84,2.334352701325182,-2.8170377541142266,-2.5623604775308118,5.947611710323586,-0.11621150493899002,2.2200198216055345,18.46426986240568,2.1920168469417023,11.90775681341718,10.842854063375729,0.9621048497938434,0.9125699146305566,1157316068.0,996673397.0,160642671.0,25.605326867381418,4.979447494752165,10.456691601485124,28.913412023695773,-0.9704602488265102,13.567687074788083,17427.76,2.5922138807505046,-0.35751265416412714,2.1052317055522796,26.9977388144917,17116.646666666667,17307.183333333334,16727.83,1.8176067975931298,0.6966856729045956,4.184224732078201,-1.8456294570796894
2021-12-01,68022.0,21650.0,21642.0,12.241968219395073,7.937162805458575,26.406749423920317,12.245956034840312,11.071208701005531,28.930443068127687,12.683536394876604,11.619990716385576,55.80993520518358,102.72,106.43,108.25,107.11,1.6224772457459347,3.548387096774186,0.7849293563579218,1.1403592131521423,6.664662256965337,3.3300970873786584,15.725892666239027,-0.7427104346231506,5.404089581304761,2.1749499189163357,6.821581729330806,4.620042977143979,1129844657.0,970227372.0,159617285.0,19.826234794746746,2.7038896399004697,11.173904719690352,24.39992091762917,4.947716564853111,10.87342154561819,18218.84,4.539194939567692,7.582447237252121,2.6097887635690764,23.664027835001853,17544.67,17384.413333333334,17018.35583333333,3.8425915106981234,4.799855195957137,7.054054918250774,0.0
2022-01-01,58956.0,19215.0,15687.0,11.711984841307444,-0.4592422502870286,6.441828554921636,13.496751329001766,11.617775196049962,17.587662933724978,3.9355992844364973,-15.255793852304034,4.038997214484685,101.29,101.84,107.39,97.97,0.3069914834620713,2.8533712428919555,-3.395326657129216,0.8516537928302537,0.12781437420117392,-1.5563073948767547,16.399306308259256,2.785222052067371,6.760115319614268,0.35853308748206025,-2.6336712383224103,-6.159003831417631,1105517449.0,968861645.0,136655804.0,13.40135469715349,-1.1608608225473271,4.4427621001211115,20.87806072973777,1.777073042302968,8.247775454787188,17674.4,-2.9883351519635615,4.04411266932394,2.475676058028431,16.75279473071962,17773.666666666668,17455.578333333335,17229.696666666667,-0.5585041540856261,1.2535916168919137,2.5810282208489355,-2.9883351519635615
2022-02-01,51666.0,17690.0,14775.0,21.102594754236705,-21.324805847418915,-3.620795791594378,31.592650450048353,-12.72816970892945,7.160164768597044,29.68489423330114,-30.260549419427928,6.771209712386184,85.33,76.16,93.45,80.84,2.8072289156626518,-15.001494172726371,-17.395934172313655,-0.5873906800678785,-26.158619352336633,-26.244431532055014,14.046863558701506,-12.467216185837394,-10.548482818033877,4.108177720540884,-21.392454297938546,-20.636167288435104,1041598897.0,881148667.0,160450230.0,32.15123518062555,-9.998752648442444,-5.517187791949629,32.837889542650075,-11.591031761029335,-12.449005654186207,17652.18,-0.12571855338795457,1.2877156903698506,0.9255992896630039,10.64561421103436,17848.47333333334,17482.56,17371.228333333333,-1.0997766008745802,0.9702240404151352,1.6173390924092201,-3.1102968136280884
2022-03-01,62801.0,20862.0,17297.0,16.897790518027666,-7.675457940078212,-0.347508727388135,31.67129512749305,-3.639722863741335,7.0285245228811855,23.338562464346822,-20.07670270769799,-10.789622982103253,97.99,105.86,108.3,107.76,-5.87839784842955,-4.604750778816202,-1.219758064516141,1.690682036503377,-0.5355632810297939,6.093405492082571,5.844409695074271,0.04618937644340626,-0.6968641114982632,2.755792886430819,0.6068527681822422,7.4698314550713185,1228744917.0,1095420545.0,133324372.0,21.287335811704256,8.753438748172982,11.694011711520314,20.065379031022633,12.903488049603284,18.48963263013046,17693.47,0.23390878633686718,-2.883663284819449,4.480131705361212,7.682612212306772,17673.350000000002,17609.01,17476.423333333332,0.11384372515679253,0.4796408202391911,1.2419398553518146,-2.883663284819449
2022-04-01,52054.0,17840.0,12140.0,-5.352921924433618,-11.707035755478667,-12.112514351320325,4.260417275436845,-7.155867811605521,3.630554748765613,-21.44936913620188,-22.611079237585262,-34.41737345362217,97.79,92.05,101.41,96.45,-0.22446689113355678,-3.455425017277125,-0.700649878147841,-4.700279532042662,-9.613118617439131,-9.497591190640053,10.540658382385004,-5.568488686097406,-2.938361408882084,-2.001625685836206,-1.551495355721133,-4.144305307096008,1194505090.0,1056524882.0,137980208.0,20.084924380256663,8.049410805817136,6.795107526779187,28.479380869903316,9.048065578032038,10.985929354572121,16592.18,-6.224273700975558,-6.12309328746663,-2.3266054095356425,-5.547326583425649,17312.61,17543.138333333332,17395.216666666667,-4.161302079813501,-5.420685371479039,-4.616422330659864,-8.928449890333301
2022-05-01,55583.0,18551.0,13936.0,6.147353143380951,7.581388146943824,-15.36013400335008,17.374248655488778,4.867156585641608,-8.480513073507645,2.727406752174555,-5.678510998307951,-34.22071179080525,103.53,93.87,101.88,97.61,0.48529554498690786,21.328958162428215,3.1278015738619436,-6.967294350842423,23.253676470588246,-8.98778359511343,6.792452830188678,9.02086677367575,-4.571000374672174,-4.219409282700415,20.744680851063823,-5.085569817191759,1242832443.0,1180585760.0,62246683.0,18.618555176554707,19.319677332569206,7.38919793516597,34.52390177183675,33.982584802571125,18.452620843857037,16807.77,1.2993470417992148,-4.7836017987579975,-3.557485299315566,-1.5271469022048345,17031.140000000003,17439.806666666667,17373.495,-1.311538746085128,-3.624103631118236,-3.256253275463561,-7.745114398062658
2022-06-01,59009.0,18751.0,16942.0,9.657697167917934,-6.038120412095349,-13.250124959571908,11.666269652215334,-10.11887642603777,-13.390300230946883,21.972642188624913,-2.0523790252644947,-21.71703169762499,99.06,93.25,102.62,96.63,-2.8061224489795866,1.0919481579753088,-3.5630841121495282,-9.466019417475724,-11.911959191384847,-12.383726392934324,-0.07789678675754752,-5.244690674053554,-5.2009237875288665,-5.6163313147099,-10.328507795100228,-9.784333862384464,1246494579.0,1113698554.0,132796025.0,22.651966976869574,1.4445359451281448,10.324421262453253,27.26869269607395,1.668583731008999,14.78737728294064,14825.73,-11.792403156397313,-16.20790042880227,-18.624182439716254,-16.500445496765504,16075.22666666667,16874.288333333334,17129.350833333334,-7.772809009639692,-12.140116921474132,-13.448383746397086,-18.624182439716254
2022-07-01,54430.0,17783.0,14956.0,-1.7296165234346739,4.564490721174175,-7.676911595087866,8.824429349489016,-0.319506726457397,-7.452511059068434,-0.8091258787637612,23.196046128500814,-4.659909479186586,94.15,98.69,102.92,95.54,-10.205054840247962,-3.722261989978526,-7.049067035245338,-4.601256645722573,7.213470939706679,-3.093087195600952,2.316333631573708,1.4890050290898404,-4.162398733587858,-8.48659003831418,-0.9434940383618473,-2.4803511278962853,1289042332.0,1141530256.0,147512076.0,21.781109596996817,7.9143440066881565,16.600812874189195,27.539480444943965,8.045752205957047,17.821802719830025,15000.07,1.1759286052019036,-9.59554440706405,-15.13109355904586,-13.030014361576614,15544.523333333336,16428.56666666667,16942.0725,-3.5025411951090324,-8.695199621797013,-11.462602937155408,-17.66726092330796
2022-08-01,54761.0,19044.0,14271.0,2.152703937918554,-1.4788694384973877,5.990399876127439,15.362248606736117,2.657538677160254,7.654041831543235,3.1290648937707832,2.4038461538461453,-3.4111675126903607,90.19,101.98,107.21,93.76,-12.691190706679578,-12.885154061624648,5.695534981835237,-1.2395893860158824,8.639607968467033,33.90231092436975,2.6227625155547107,5.231645072634472,14.724451578384157,-7.95209110543883,-3.9442680053273227,15.982187036120731,1206968993.0,1118496480.0,88472513.0,9.483434587929175,-2.885622289794054,15.876562127350248,11.133889959448396,-5.259192690923187,26.936182495524342,15095.44,0.6357970329471829,-10.187728651689065,-14.48399007941229,-13.692454499039187,14973.746666666668,16002.443333333335,16742.501666666667,0.8127113142914144,-5.66790529696195,-9.837607900292877,-17.143791811114205
2022-09-01,61107.0,20655.0,20361.0,-3.035544271659796,3.5553898557847186,-2.6974092769223468,5.966550379642932,10.154125113327295,-0.9922346850733343,5.013151787095782,20.180616220044854,17.714054460311047,86.35,92.53,100.16,90.1,-12.953629032258075,-12.830607712497489,-11.878763139095827,-7.265985167368205,-0.7721179624664898,-12.592102777252979,-8.160645516229604,-2.39719352952642,-7.516158818097873,-10.14261493966291,-6.7577356928490095,-16.388270230141067,1151058038.0,995413312.0,155644726.0,4.632204942021834,-7.6563943885390895,-6.322457812454174,7.672033533040445,-10.620938814651637,-9.129574340784341,13424.58,-11.068640596100543,-9.450799387281439,-24.126923661667277,-20.727709912800705,14506.696666666669,15290.961666666668,16449.985833333336,-7.459428507615695,-12.205783438299122,-18.39154066140788,-26.31484770709881
2022-10-01,55576.0,18859.0,18449.0,-6.1660025663537565,2.105456549696849,6.766050639720289,9.54981121115306,6.05072260023618,5.711883408071738,-0.3349359840095101,23.355175180529564,51.96869851729819,86.62,91.59,97.86,89.43,-12.043054427294885,-7.997875730217741,-11.422435831884648,-9.949857437813382,-7.194244604316546,-0.4997284084736542,-6.336140888208275,-4.91643995336184,-3.500640962429735,-11.12104949314251,-6.395227129997904,-7.278382581648524,1265676371.0,1169990516.0,95685855.0,13.158198543171284,-1.8126604860017936,5.958223334150881,22.905278395795882,2.4931673821530387,10.739513657757849,12949.75,-3.537019407683517,-13.668736212564337,-21.952690966467337,-23.768543880438507,13823.256666666668,14683.89,16113.514166666668,-6.3191090763223485,-11.809813339653186,-19.634228349837002,-28.921105844279882
2022-11-01,50309.0,17198.0,14728.0,-23.391198416324045,-8.129873450083092,-9.488512674738681,-15.155402072027623,-9.69334173492964,-7.29340736348445,-30.482394033795902,3.2022983673183347,5.683122847301947,83.06,96.38,98.14,91.59,-17.26267556529535,-7.905532764164535,-19.772046749734372,-6.554198177234827,-5.491272798587965,2.6739107276019913,-8.074185088047958,-8.460031713459559,-3.6709854731056146,-10.939323220536757,-2.314419795221845,-6.167400881057262,1150537507.0,1035332189.0,115205318.0,-0.5857138933285766,-4.675471062411962,-7.426176917076177,3.87878236906527,-7.435364570838887,-12.303517111709017,14879.55,14.902218189540338,-1.4301669908263759,-11.472194110224033,-14.621557790559425,13751.293333333335,14362.519999999999,15901.163333333332,8.204731288305478,3.599855735623003,-6.424771017801845,-18.328773950482034
2022-12-01,52327.0,17124.0,16432.0,-23.073417423774657,-14.368239317917752,-11.323696385297154,-20.90531177829099,-17.09513435003631,-8.676870566903094,-24.073560669069405,-19.296694661362412,-3.0102703340809778,87.23,98.49,95.59,92.13,-15.079828660436135,1.019108280254799,-11.942257217847763,-7.460302546274555,6.441154220252887,5.619302949061655,-11.69515011547344,-4.562699680511173,-6.850516468524659,-13.985622257492302,2.253052164261926,-4.656938838869918,1095266711.0,945447318.0,149819393.0,-3.060415941764283,-4.846960375424613,-12.132252361764984,-2.554046063338644,-5.01962284386247,-15.107430587541193,14137.69,-4.9857690588761,5.311972516086172,-4.6408507371980985,-22.400712668863655,13988.996666666668,14247.846666666665,15561.0675,1.0629306509711611,-0.7731460707278592,-9.147042771969204,-22.400712668863655
2023-01-01,47702.0,15030.0,17226.0,-19.08881199538639,-14.167986181085357,-12.360830424398305,-21.779859484777518,-20.30330346253778,-15.48107743350391,9.810671256454384,-6.629085587294703,15.177855041454924,76.79,75.72,82.48,71.78,-24.187975120939875,-11.348418379127223,-18.438661710037174,-25.64807541241163,-17.327219128725847,-23.274901205795928,-23.195828289412425,-15.716329450235023,-19.860085503303537,-26.732673267326735,-19.736106451973612,-24.86916474774964,963900480.0,894206520.0,69693960.0,-12.810016624169995,-23.84305324129339,-25.223520122533884,-7.7054474583933,-23.571472779357126,-21.66598166803211,15265.2,7.975206699255688,17.8802679588409,1.7675250848829371,-13.631014348436155,14760.813333333334,14292.035000000002,15360.300833333335,3.4170655456203347,6.809142294991566,-0.6191339242975991,-16.212009107056215
2023-02-01,42290.0,13812.0,11772.0,-18.147330933302364,-15.93949392752788,-22.77350669271927,-21.92198982475975,-19.688335853006166,-27.473219911783243,-20.324873096446705,-20.070613796849536,-17.511036367458477,82.27,80.71,76.79,81.68,-3.5860775811555112,-0.9511196725258908,-8.781461359352482,5.9742647058823595,-16.258559867192368,-20.85703079035106,-17.82771535580524,-21.754636233951498,-28.37421882287099,1.0390895596239513,-10.819958510754446,-12.883959044368599,937090384.0,864609738.0,72480646.0,-10.033470014321644,-18.55194825908444,-22.36002834912927,-1.876973729791731,-16.48963036345816,-22.698930800390183,15503.79,1.5629667478971765,4.195288163956579,2.705121546639244,-12.170678069224305,14968.893333333335,14360.093333333332,15181.268333333333,3.5733881907992204,7.964409702072506,2.1244711547487194,-14.902430670668377
2023-03-01,46759.0,14734.0,12741.0,-25.544179232814766,-10.640778183347033,-23.480125026592702,-29.373981401591408,-13.957019387993464,-28.66618252239167,-26.339827715788864,-22.462268743914315,-37.42448799174893,92.08,96.88,84.2,95.63,-6.0312276762934935,5.560013756735072,6.63578459756804,-8.48290194596637,-1.6346837242359635,4.701177996325501,-22.253000923361032,-11.915472329741606,-15.93450479233226,-11.256495916852272,3.798979702594152,6.137624861265256,1075335636.0,945222597.0,130113039.0,-12.485038910643166,-1.8197462590461178,-6.578504254361494,-13.711441572423677,-0.023768749006070067,-5.042198491313732,15868.06,2.3495545282798513,12.239411106057641,18.20153777622837,-10.316857009959046,15545.683333333334,14767.339999999998,15029.150833333333,2.0737375112705347,7.453745901428421,5.581880014179119,-12.90301687703499
2023-04-01,42653.0,13932.0,12032.0,-18.06009144350098,-10.584461867426942,-23.252842953793007,-21.905829596412552,-7.30538922155689,-26.125457341322445,-0.8896210873146626,-30.152095669337054,-34.782373028348424,80.94,81.64,71.45,81.82,-17.23080069536763,5.404349524677676,-6.557377049180335,-11.3090711569799,7.818277865821455,-10.86363140080795,-29.543437530815496,-13.372938894277397,-26.98753321070917,-15.168481078278905,13.987183059348007,-8.509448730850956,1093815690.0,886520798.0,207294892.0,-8.429382247337259,13.478072964545063,-13.578564389585178,-16.090873664819185,-0.8595018967206824,-24.22837742045424,15579.18,-1.8205124003816464,2.0568351544689945,20.304870750400596,-6.10528574304281,15650.343333333336,15205.578333333333,14944.734166666667,-0.454707809392052,2.4570039920656317,4.245280151910813,-14.488628255146875
2023-05-01,45810.0,15473.0,12615.0,-17.582714139215227,8.323480728304556,-8.942733904470368,-16.592097461053314,12.025774688676517,-10.030236073962085,-9.47904707233066,7.161060142711517,-14.346822379141766,89.99,93.22,79.49,88.84,-13.078334782188739,9.383736477452299,8.343366241271365,-0.6924470011718364,15.499938049807959,-3.2786885245901565,-21.97683549273656,3.516082823284261,-19.00346443855717,-8.984735170576785,8.765915768854061,-3.002511191178081,1108920073.0,955925046.0,152995027.0,-10.774772637633824,18.336511817199487,-3.617216626732711,-19.029597138288366,10.561448013670184,-7.669726088270979,16578.96,6.41741092920165,6.934884953937059,11.421111525550165,-1.3613346684301475,16008.733333333335,15488.813333333334,14925.666666666666,3.56197242338554,7.038283974412485,11.076847488666065,-9.001012139082409
2023-06-01,44297.0,14620.0,12297.0,-24.931790065922144,-5.265296520455953,-15.345806180365773,-22.030825022665457,-0.7737206461246093,-14.622751693529546,-27.4170700035415,-3.484812809041682,-25.164313534566695,86.18,88.81,79.86,83.56,-13.002220876236613,-6.4074717636837475,-1.2037143184684185,-4.76139410187667,-8.329892650701897,-9.8284089755305,-22.17891249269148,-5.1543942992874126,-16.455696202531644,-13.525820138673284,-12.621562271253783,-9.302073157494839,993101617.0,807795393.0,185306224.0,-20.328444765743335,-7.647288553171316,-9.32787356485264,-27.467321377163245,-14.539136541611896,-14.559449519745737,16915.54,2.0301635325738365,6.601185021987566,19.648542300757764,14.09583204334628,16357.893333333335,15951.788333333336,15099.8175,3.4090371865325597,6.0416528011018045,12.024797650700103,-7.153583872518777
2023-07-01,47846.0,17713.0,12734.0,-12.096270439096092,12.174993552622325,0.30187413525637474,-0.39363436990383915,27.138960666092448,17.850964737192278,-14.856913613265576,5.834441489361697,-26.076860559619174,87.07,92.34,82.15,83.58,-7.519915029208724,7.573511242895958,13.387159786430502,-6.4342891883676145,13.106320431161201,21.94928684627575,-20.180722891566262,14.97550734779567,-0.40009699321047476,-12.518316935315054,2.1510633097042264,16.439119531903025,1199681372.0,937960563.0,261720809.0,-6.932352629672989,9.67856677938126,24.461124036373548,-17.833052775431646,5.8024318342049686,4.893057925813382,17145.43,1.3590461788391073,10.053481633821558,12.31710033278306,14.302333255778144,16879.97666666667,16265.159999999998,15278.597500000002,1.5725930110882747,5.411997176787708,12.218611688671022,-5.891758201949193
2023-08-01,46146.0,15756.0,12190.0,-15.731999050419098,0.7334643091028159,9.117994797824537,-17.265280403276616,1.828992438441146,14.07471763683754,-14.582019480064467,-3.369005152596116,3.550798504926944,90.52,97.73,90.33,85.93,0.36589422330635113,0.5889543282586951,10.027956727847332,-4.1674838203569315,4.838017592791255,21.08784537232067,-15.744799925380093,13.636935463580336,17.6325042323219,-8.351109215017061,-3.275551553354339,5.203232125367285,1181936827.0,910727081.0,271209746.0,-2.0739692689023426,6.5844920457130085,26.128370024977233,-18.575775848664268,-4.728191314698538,5.3338912312828946,16634.51,-2.979919430425493,0.33506323677721106,7.293184440707701,10.195595491088682,16898.493333333336,16453.61333333333,15406.853333333334,-1.56217082864194,1.099434288395429,7.968250492854234,-8.69610798492111
2023-09-01,51484.0,17206.0,16448.0,-15.747786669285023,16.224575027654243,10.105006522808434,-16.69813604454128,17.688098495212046,16.777521379123115,-19.218113059279997,33.756200699357564,29.09504748449887,85.2,85.84,91.96,83.67,-1.3317892298783884,-1.137154792295203,-7.471763683753252,-7.230087539176477,-3.3442179934692007,-11.395540875309651,-8.18690095846646,15.151515151515138,9.216152019002365,-7.136514983351827,0.1316419339396857,-12.506535605981384,1237515232.0,909214330.0,328300902.0,7.511106403480938,24.61113855985193,15.081765224787924,-8.659617162122101,12.555027904200976,-3.809501287240169,16353.74,-1.6878765890909864,-3.321206417294398,3.0607396241254525,21.819379079271005,16711.226666666666,16534.56,15650.949999999999,-2.1392006331871105,-1.093588217648378,4.490398346426261,-10.237205003172544
2023-10-01,52945.0,18807.0,17496.0,-4.734057866705054,10.65710822221293,24.129604013785656,-0.2757304204888955,6.176254728165764,34.99138673557278,-5.165591630982713,37.39594785613318,45.41223404255319,85.32,87.42,98.25,82.0,-1.500808127453257,-2.009877110370961,5.411415863602653,-4.5528987880772975,-5.3281351526965555,7.079862812346893,0.3985285101165026,19.598295800365186,37.508747375787266,-8.308173990830825,-1.8904044029672162,0.21999511121975068,1227285365.0,1041423996.0,185861369.0,-3.0332403195350466,2.3009437042421643,12.202208856594488,-10.988680527047967,11.030680508472512,17.473160060030544,16001.27,-2.155286802896461,-6.673265120793115,2.7093210297332693,23.56431591343462,16329.840000000002,16604.908333333333,15905.243333333332,-2.0120834006946864,-3.635300606396996,0.6037422040907847,-12.171850677650164
2023-11-01,50713.0,17800.0,16197.0,0.8030372299191013,9.896849131018936,10.702903296223543,3.5004070240725715,12.972835745112965,15.039100368383629,9.97419880499728,32.87120590648072,28.394768133174786,86.16,94.48,96.85,85.75,3.732241752949661,-4.8166151126822765,-4.256028447605287,-1.9713633533928077,-3.325488591016068,1.351641278695559,-1.3144487466884125,7.217978523192725,21.83922505975595,-6.376241947810901,-0.2094728267194257,-3.4781629896443067,1207995170.0,892719964.0,315275206.0,4.993984346483371,2.2047153794286567,8.93437673393076,-13.774537922726559,-1.9772242832866826,-6.611928651150755,17433.85,8.95291436242247,4.805311367752951,5.156475436336172,17.166513772257886,16596.286666666667,16747.39,16118.101666666667,5.0466911674619475,4.098907352130676,8.163171820999171,-4.308671682719655
2023-12-01,43886.0,14918.0,12273.0,-16.13125155273568,-14.757983062699086,-0.9278280696209729,-12.882504087829949,-13.29768685342323,2.0383036935704535,-25.310370009737092,-25.383025291828798,-0.1951695535496456,82.78,95.64,92.33,88.12,-5.101455921128051,-2.84037558685446,-3.9452309120445617,-2.893694791349366,11.416589002795895,7.690575385654763,-3.4103985772570455,0.40234884732492926,15.614825945404466,-4.352545316400724,5.318513206645159,5.457156534226915,1255529758.0,904794948.0,350734810.0,14.63233068169092,1.455701354955119,26.425104592292705,-4.299802773357698,-0.4860660302175357,12.007936148256793,17930.81,2.850546494319972,9.643482163713024,6.001995797946735,26.829842781953772,17121.97666666667,16916.601666666666,16434.195,4.723948344749118,5.995343233338546,9.106713167271053,-1.5809458780032037
2024-01-01,48494.0,17446.0,13908.0,1.6603077439101055,-8.406837283973934,1.3543451908205384,16.07451763140386,-7.236667198383584,-1.5073674702196116,-19.26158133054685,-20.507544581618653,9.219412596199161,87.8,96.95,92.82,88.62,14.337804401614784,2.906704172526964,0.8384058803261762,28.03750660327522,10.901395561656368,4.992419319904706,12.536372453928202,-5.5267175572519145,12.988435788192309,23.460573976037892,8.073170731707325,6.030150753768848,1154028074.0,1076416548.0,77611526.0,19.72481578181182,-5.969051134248637,-3.8054519362829664,20.376727738464705,3.3600677662894984,14.761386614929561,17889.56,-0.23005095698409583,11.800875805482946,4.34010695561442,17.191782616670604,17751.406666666666,17040.623333333333,16652.891666666666,0.7782669617544036,4.981840453019437,7.426147711083231,-1.8073598538655533
2024-02-01,37804.0,13214.0,10447.0,-10.607708678174511,-25.455011535503715,-18.077406492437042,-4.329568491167102,-25.76404494382023,-16.13353643056613,-11.255521576622495,-35.50040130888436,-14.29860541427399,76.17,70.98,83.95,67.41,-7.414610429074986,-11.594707520891356,-15.852850198851076,-12.055507372072839,-24.87298899237934,-27.371329172209148,9.324130746190896,-13.319566339700561,-7.062991254289819,-17.470617042115588,-21.387755102040817,-21.552426393576173,985601224.0,737761583.0,247839641.0,5.1767514455681285,-18.41016847774317,-16.61134491412205,-14.671145769584193,-17.358005561529033,-18.992023143758917,18966.77,6.021444909768592,8.792779563894392,14.020611367572599,22.33634485503222,18262.38,17429.333333333336,16941.473333333335,3.857054775993052,8.82097230722152,11.954666674012216,0.0
2024-03-01,47229.0,16504.0,13285.0,1.0051540879830512,7.617463427972471,-8.26470359723409,12.013031084566306,10.631451937257008,-4.079972102754848,4.269680558825839,8.245742687199552,-19.230301556420237,87.52,91.88,96.32,88.72,-4.952215464813204,5.72602077796569,2.7230046948356623,-5.1610239471511115,-3.931409452112089,7.036346691519091,14.394299287410917,4.321455648218331,4.741191822531543,-7.225765973021014,0.6808896958692578,6.035616110911923,1319319144.0,1045566552.0,273752592.0,22.68905631246094,5.080674957606224,6.610335766760089,10.61590733425939,15.558398542251805,14.996708421874526,20294.45,7.000032161511949,13.182003490082161,24.09668980918127,27.894966366398922,19050.26,18086.118333333336,17310.339166666665,6.5310919640992005,12.210091883544937,17.23889292174954,0.0
2024-04-01,47166.0,17097.0,13045.0,10.580732891004141,-2.7384831113127395,-10.915100576069502,22.717484926787247,-2.000458557835605,-9.092359227947044,8.419215425531924,-6.20506183491516,-25.440100594421576,84.63,87.5,89.43,84.34,4.558932542624161,-3.6104783599088863,-0.8087201125175802,7.177853993140615,-9.747292418772568,0.09151223976207046,25.164450664800576,-3.652230122818345,-8.977099236641218,3.0799315570765318,-4.829609568946058,2.8536585365853684,1201935725.0,996493340.0,205442385.0,9.884666675425002,4.151341902276817,-2.065504952876218,12.40495905432779,-7.424933047387528,-4.314348063091877,20396.6,0.503339582989426,14.013983574777678,27.468632177320917,30.92216663521443,19885.940000000002,18818.673333333336,17711.790833333333,2.567944990279547,8.384898545806085,15.158315677564872,0.0
2024-05-01,48957.0,16893.0,14059.0,6.869679109364757,29.502169082636765,-3.462622996075959,9.177276546241831,27.841683063417587,-5.095505617977524,11.446690447879515,34.57451900067006,-13.199975304068657,92.69,95.2,102.47,90.47,3.000333370374486,21.688328738348428,7.578922934076138,2.124007723664456,34.12228796844181,0.7620660457239525,28.909296766888914,22.060750446694467,5.802787816210642,1.8347591175146283,34.2085743954903,5.504373177842559,1209873311.0,1016355882.0,193517429.0,9.103743403876496,22.754850698115604,0.15547586999045127,6.321712800900925,37.762104373493784,13.849350634663304,21174.22,3.8124981614583,11.638513041493104,21.454641401641084,27.71742015180689,20621.756666666668,19442.068333333333,18094.729166666668,2.679031385460684,8.909297287557116,17.018717467218238,0.0
2024-06-01,45626.0,15537.0,12744.0,3.0002031740298474,-3.394101081962353,3.9648179373832138,6.272229822161424,-5.859185651963161,4.149349778790712,3.635032934862159,-4.07226194956718,3.8376924957223224,85.02,88.6,99.53,84.96,-1.3460199582269738,-2.856489945155394,2.7059676250301923,-0.23645985812409398,-3.569873748367436,-7.360936846507748,24.630603556223395,3.3326411960133084,7.798115455431609,1.6754427955959716,-4.23805229936881,-3.5860190649114942,1288938112.0,1138019830.0,150918282.0,29.78914644139583,-2.3027811078287552,2.660897026703535,40.87971284084806,8.842409679532292,25.77654556046438,23032.25,8.774963139138059,13.490387766113399,28.450694642350214,36.160299937217474,21534.35666666667,20292.308333333334,18604.454999999998,6.955830427253673,13.502365633612401,23.79964906254981,0.0
2024-07-01,50103.0,18098.0,14134.0,4.717217740249979,6.2269431370054695,3.31793623953478,2.1735448540619817,5.854828332455986,3.7372463601971884,10.994188785927438,8.348026063625902,1.6249640494679252,89.58,93.63,101.31,85.72,2.8827380268749314,5.848989719957465,2.0273348519362244,1.3970110461338336,7.005714285714282,-3.424445590510583,23.323189287888013,13.284132841328411,9.146735617323865,2.560421153385972,1.636234289779459,-3.272399006996174,1297449111.0,1142045666.0,155403445.0,8.149475459222177,7.946630091222229,12.427863778294878,21.7583884707528,14.606452462592468,6.097000099258976,22199.35,-3.6162337591854943,8.8384828844023,24.09108999885965,29.476776027197914,22135.273333333334,21010.606666666667,19025.615,0.2894776391587195,5.657824889079821,16.68137928787057,-3.6162337591854943
2024-08-01,50286.0,17840.0,14142.0,8.971525159277082,2.714627121759916,33.017670087821394,13.226707286113237,5.6058722547800865,35.00832450431361,16.01312551271534,0.5903691585461335,35.369005456111815,88.32,98.83,112.07,87.04,-2.4304021210782234,-4.714640198511166,15.951161874753828,1.1255499846515749,3.81302521008402,39.23640462102001,24.06730875678069,9.368595686542402,33.496128648004756,1.291749098103101,-3.7913120371393716,29.120308559560915,1421710100.0,1048568588.0,373141512.0,20.286471114415995,17.50900586648283,44.248004708240906,15.135325376362662,3.169431748317475,42.12838024665755,22268.09,0.30964870593057636,5.166046258138435,17.40581026711454,33.86682264761633,22499.896666666667,21560.826666666664,19495.079999999998,-1.0302565834006128,3.2803164009790775,14.22415296577395,-3.3177826742936567
2024-09-01,53862.0,19008.0,17595.0,4.618910729547054,18.051111208521455,14.044337165724441,10.473090782285244,22.34022011971424,15.172079495879798,6.973492217898825,38.064971751412436,32.442604441098986,81.7,90.0,111.86,82.64,-4.107981220657275,-3.9049635379910574,-6.649908592321752,4.846225535880699,1.5801354401805856,-2.0461471484545024,21.63984341017835,12.388224655882652,16.133720930232577,-1.2310266523246072,-2.730696798493404,-6.853020739404869,1298001560.0,1070896682.0,227104878.0,4.887723919344866,0.7031716973545432,-1.615801915476489,17.78264449483544,-5.898240630833296,2.422622448236078,22224.54,-0.19557133099425972,-3.5068653735522926,9.510432655233325,35.89882192085725,22230.660000000003,21882.50833333333,19984.313333333335,-0.02752954703100219,1.5630368395457506,11.209925651686126,-3.5068653735522926
2024-10-01,55529.0,20906.0,17580.0,4.880536405704028,10.829690836876038,17.730992664207278,11.160738023076512,15.515526577522376,22.278762355968883,0.4801097393690057,24.380925428045842,34.76427750095823,82.97,89.77,112.77,83.55,-2.754336615096098,-7.37887921411029,-1.961479380834219,2.6881720430107503,-4.122610274484673,2.5942857142857045,14.778625954198477,11.31181522061,26.098624622609854,1.890243902439015,-2.5314979001399895,-0.9366848470476752,1320600638.0,1094870998.0,225729640.0,7.603388393700916,1.7843880583613858,9.872816867973544,5.1321077875374765,-4.130716433190329,9.872384897223707,22820.43,2.68122534819617,2.797739573455993,11.883500191208341,42.616367325843505,22437.686666666665,22286.48,20552.576666666668,1.7058056787197184,2.395847168328058,11.034399093187508,-0.9196669886789133
2024-11-01,52341.0,19089.0,15824.0,3.2102222309861483,4.086624507815295,6.912188246828843,7.241573033707871,7.0011210762331855,12.99946723494938,-2.3028955979502386,11.893650120209308,12.554235720890539,84.67,93.9,113.93,88.85,-1.7293407613741762,-4.132699275362306,-8.652497572553674,-0.6138865368331858,-4.988363857128397,-1.36554621848739,17.63551884357255,1.6596769875970585,11.183761100810008,3.6151603498542295,2.0795036764705843,-1.7906488338675808,1321086331.0,1064674404.0,256411927.0,9.361888508213156,-7.077657322684838,9.19212110795955,19.261856677823786,1.5359811636852072,4.754094786652696,22262.5,-2.4448706707104084,-0.02510318576941506,5.139646230179906,27.69698029981904,22435.823333333334,22467.86,20954.96416666667,-0.7725294086971313,-0.914016733235834,6.239742635366774,-3.342052990914912
2024-12-01,52992.0,19917.0,15251.0,20.74921387230553,-1.6152389439679227,16.14430368649453,33.50985386781069,4.782196969696972,28.1907704189998,24.264645970830266,-13.321966467746515,19.672002510985553,88.99,98.36,120.85,93.43,7.5018120318917525,8.922888616891056,4.669489531874849,2.8439983270598157,9.28888888888888,11.01580135440181,30.889201776237396,8.03683175397818,21.42067718275895,6.0258738084430385,13.056631171345611,9.969397363465182,1414727184.0,1216729163.0,197998021.0,12.679701535198507,8.992718313836235,9.759124261196494,34.475680449975286,13.61779184221994,6.916341079926536,23035.1,3.4704098820887097,3.6471396033393555,0.012373953912447888,28.466589072105485,22706.01,22468.334999999995,21380.321666666667,1.4493519557156942,2.522505561716093,7.739726086129184,0.0
2025-01-01,48035.0,18252.0,12445.0,-0.9465088464552296,-13.495650921140301,-4.127497355447773,4.6199701937406745,-12.694920118626229,0.8509227538954667,-10.519125683060103,-29.209328782707622,-11.949908023206458,82.15,87.59,108.66,79.25,-6.435079726651471,-0.9883090273592798,-8.294262112078577,-9.654461062403296,-2.428428205413824,-6.450923849193623,17.065287653522955,-3.6445863261505673,7.2549600236896605,-10.573234032949674,-5.146618791143021,-7.54783014465702,1272979039.0,942181810.0,330797229.0,10.307458516819402,-3.606056034632932,-1.886014009531356,-12.470519730434315,-13.945861044718255,-17.50051350398453,23525.41,2.128534280293981,3.089249413792805,5.973418140621245,31.503569679746168,22941.003333333338,22689.345,21849.975833333334,2.5474329007115326,3.6848353268902123,7.667899403855172,0.0
2025-02-01,51611.0,20805.0,14637.0,36.522590202095,-1.3947001394700176,2.634928210635157,57.446647495080974,8.989470375608999,16.619955156950674,40.107207810854796,-7.501263902932253,3.5002121340687253,80.61,82.75,102.74,79.99,5.829066561638441,-4.795086807605998,-8.729619565217384,16.58213581290504,-11.87433439829606,-16.270363250025298,22.382370458606292,-9.821820416044947,-8.325153921656103,18.661919596499033,-9.971862689926848,-8.099724264705898,1353170897.0,1135924594.0,217246303.0,37.293954598416775,2.428650213624839,-4.820898648747029,53.96906265855266,6.692204652644218,8.330976819229296,23053.18,-2.007318894761023,3.551622683885469,3.5256279276758784,21.54510230260609,23204.563333333335,22820.193333333333,22190.51,-0.6523860464802356,1.020967102528214,3.8875627464172835,-2.007318894761023
2025-03-01,54922.0,21139.0,15518.0,16.28872091299838,3.6420591787439616,1.9679922765586166,28.084100824042647,6.1354621679971855,11.211069023569031,16.808430560782828,1.7507048718116813,-11.80448991190679,86.06,94.25,119.77,90.71,-1.6681901279707478,-3.2925047758174952,5.336597307221536,2.5794514584240424,-4.1785278568523765,4.722222222222228,24.345930232558153,-0.8936698386429409,7.07133917396745,2.2430117222723034,-2.9112704698705083,9.765246853823806,1627967409.0,1400192300.0,227775109.0,23.39451120706242,15.07288666052804,25.421067213509364,33.91708995679503,15.078387415951177,30.749522669638818,20695.9,-10.2254005738037,-10.154937464999058,-6.878162607640014,1.9781270248762528,22424.83,22565.42,22223.96416666667,-7.709891223255649,-8.284889002730711,-6.875749777164342,-12.027463070781753
2025-04-01,59060.0,24632.0,16582.0,25.217317559258777,22.952014156344337,6.358839525293081,44.072059425630215,34.95507341661188,17.82263465033962,27.113836719049434,33.24226597026918,-5.6769055745165,86.48,92.81,127.34,88.99,2.1859860569538148,5.27084601339014,4.230444739062311,6.068571428571423,5.959584427446063,3.3864319928706754,42.39069663423906,17.191238726302238,12.920102864236949,5.51339815034384,12.290220820189269,6.511071214841402,1600010445.0,1356399618.0,243610827.0,33.11946818121243,25.69024280689669,21.157782221213807,36.11727881693621,43.96368127718364,23.88670633140655,20235.03,-2.226866190888066,-13.986493752925034,-11.32932201540462,-0.7921418275594894,21328.036666666667,22134.52,22210.5,-5.124741127132982,-8.581573036144452,-8.894306746808944,-13.986493752925034
2025-05-01,60781.0,23100.0,19367.0,24.151806687501278,17.767530177675294,16.12502627003687,36.74302965725449,11.031002162941594,21.012101210121003,37.75517462123907,32.315365170458435,22.390040444893835,87.32,92.56,148.38,89.71,-5.793505232495422,8.324029276764655,3.1297980394472624,-2.7731092436974802,11.854984894259823,-1.4270500532481356,44.803357080120996,44.42281487249367,30.237865355920277,-0.8400574776168956,12.15151893986748,0.9679234665165959,1601324689.0,1210552705.0,390771984.0,32.354741148596176,18.338688228527577,21.212721032990544,19.107167719426844,6.569812062718672,13.70168198389412,21347.3,5.496754884969279,-7.3997600331060625,-4.11094890510949,0.8174090946443169,20759.41,21981.986666666668,22224.923333333336,2.831920560362744,-2.8873034830336874,-3.9488250203187913,-9.258542146555582
2025-06-01,59753.0,22518.0,18774.0,30.962609038706002,8.796110848111871,12.758529589371982,44.93145394863873,6.5234873929703285,13.059195661997292,47.31638418079096,20.982085320273235,23.10012458199462,87.92,91.25,133.1,88.09,3.41096212655847,2.1612828259353956,-1.2023822901449543,2.990970654627545,-3.183023872679047,-7.228548190321272,33.72852406309654,11.129665191617267,10.136532892014905,3.6840866290019036,-2.8883254326976027,-5.7155089371722205,1592337734.0,1232164035.0,360173699.0,23.538726892730754,-2.1885987890805536,12.5544028565157,8.272633087597425,-12.00037059195369,1.2685544547928362,22256.02,4.256838101305549,7.538304688368225,-3.382142903655716,-3.370187454547424,21279.45,21852.14,22160.2375,4.5892633503215485,1.8482400350720907,0.4322268657996231,-5.395825194970028
2025-07-01,60511.0,24060.0,17553.0,20.773207193182053,2.4568235692516094,25.97272821900698,32.9428666150956,-2.322182526794414,31.821170282708742,24.189896702985703,5.855747195754435,41.04459622338288,88.57,94.27,135.91,88.95,-1.1274838133512044,2.4167437557816696,7.814972611077287,0.68354159991455,1.5731063462988804,7.626441374586124,34.15260092784522,6.730014135385587,25.07822565801583,3.768082127858152,-0.044948870659611284,12.23974763406941,1654388100.0,1235378706.0,419009394.0,27.51082766744444,3.3985812511367675,29.96192783344016,8.17244378036981,-8.922216608881406,31.118929795513672,23542.52,5.78045850066633,16.345367414824707,0.07272986953257288,6.0504924693741025,22381.946666666667,21854.991666666665,22272.168333333335,5.185310065374127,7.721477816471389,5.703762865178286,0.0
2025-08-01,60084.0,24880.0,17061.0,19.484548383247823,-1.1467399351771101,16.417042878456133,39.46188340807175,7.7056277056277045,19.58663782744532,20.64064488756894,-11.906851861413747,16.5607706497233,85.36,92.58,142.66,85.82,-3.351449275362317,-2.244617498854784,5.892569160153838,-6.323990691085701,0.021607605877260738,11.879154078549847,27.295440349781398,-3.8549669766814953,38.85536305236519,-1.401654411764719,-4.336194404191285,7.288411051381427,1740069451.0,1240576725.0,499492726.0,22.392705165420157,8.664374124316021,28.59199491045512,18.311452316746312,2.4801910628087898,9.212947017150341,24233.1,2.9333308413882486,13.51833721360547,5.118252666226519,8.82433113931189,23343.88,22051.645,22435.919166666663,3.8092210892105127,9.89248194409078,8.010283955753561,0.0
2025-09-01,70341.0,27733.0,23427.0,30.594853514537146,17.7196124043981,28.074360001456622,45.901725589225585,23.159250377475793,31.1935285491272,33.14578005115089,24.784276126558,50.96661940971774,83.21,91.24,142.94,87.42,1.8482252141982736,-5.357142857142872,-3.311643039739731,1.3777777777777667,-0.010958904109592549,-3.1936339522546486,27.784730913642044,7.392937640871522,19.345412039742847,5.78412391093901,-0.7605857645589742,-3.626943005181338,1648572364.0,1272334357.0,376238007.0,27.008504057576022,3.53157680052818,1.2656859643558116,18.810187610610217,3.260144011588517,-9.131455943587174,25820.54,6.550709566667079,16.015981294049887,24.76161945119564,16.180312393417374,24532.053333333333,22905.751666666667,22735.58583333333,5.252257726490073,12.72513723081634,13.56883517003431,0.0
2025-10-01,69434.0,28405.0,22573.0,25.040969583460893,14.746079225264829,17.56518794446327,35.87008514302114,18.05901911886949,15.317473205586229,28.40159271899887,28.59909986896827,36.129538053310824,83.02,88.19,141.82,83.45,0.06026274557069389,-6.266230100485492,-4.000925069380212,-1.7600534699788284,-6.449559775114033,-4.977911862945805,25.760397268777147,4.348465896549181,11.371132401444939,-0.11968880909634105,-6.183249016301295,-6.225418586358011,1855321980.0,1194544144.0,660777836.0,40.49076811062391,12.145510476048527,15.956866769079125,9.103642911545995,-3.305428675569222,-11.932727778164265,28233.35,9.344537333456216,19.92492732298836,39.5270973158923,23.719623162227865,26095.66333333333,24238.805000000004,23186.662500000002,8.191731474156816,16.47995847980126,21.765476165446394,0.0
2025-11-01,72999.0,28233.0,26801.0,39.468103398865125,21.49490713001798,20.10167651075172,47.901933050447894,13.476688102893885,22.220779220779228,69.36931243680486,57.089267920989386,38.38488149945785,81.4,86.5,151.69,83.29,-3.862052675091532,-4.639175257731953,-6.7796610169491345,-7.880724174653897,-6.567293151868647,-6.547104580812446,33.14315807952251,6.329735034347395,2.2307588623803776,-6.2577377602701105,-2.9480307620601054,-7.156392821313107,1982888126.0,1485012108.0,497876018.0,50.09527231267674,13.954539277754385,23.827986892419673,39.480399117400026,19.70336683529186,22.672239041421992,27626.48,-2.1494792506025595,14.003078434042692,29.414399010647728,24.094239191465473,27226.790000000005,25285.335000000003,23633.66083333333,1.4680026547382097,9.258904420289449,16.89462836428255,-2.1494792506025595
2025-12-01,76198.0,27867.0,28684.0,43.791515700483096,8.326580514920167,27.521630713102276,39.91564994728121,0.4831788843616014,23.754329869437775,88.07947019867551,22.439919750714978,52.785767550868215,88.16,96.86,167.01,93.71,-0.9326890661872089,5.948804230260785,0.27297543221109777,-1.5250101667344418,6.15957913195968,6.147945205479455,38.19611088125776,16.839233244718056,25.4770848985725,0.29968960719253257,7.195149851292593,6.379838801226012,1958322829.0,1349043996.0,609278833.0,38.424061624590934,18.78901234571466,22.98413754729247,10.874633157781876,6.029047205867433,9.485746838893894,28963.6,4.839994092624167,12.172712112140172,30.13827270104896,25.736810345950325,28274.476666666666,26403.265,24127.7025,2.4372629119100653,9.697039362366745,20.042925761373255,0.0
2026-01-01,76907.0,32591.0,25146.0,60.106172582491936,10.762738715902875,27.09589991902299,78.56125356125357,14.73684210526316,35.45719035743973,102.05705102450784,11.398573517033617,43.257562809776104,88.41,96.95,152.04,89.48,7.620206938527074,6.492411467116366,-0.18064807496894764,10.68615138714466,9.933098990815292,2.8428980587673847,39.92269464384317,7.206317867719636,11.868148039143556,12.908517350157744,7.225883762732166,0.595840359752664,2073372196.0,1476923766.0,596448430.0,62.87559594294309,11.752688662697786,25.32562317149163,56.755707903127536,23.63911149021547,19.552308844798883,32063.75,10.703607286387061,13.566934139944431,36.195063230274414,36.29411772207158,29551.27666666667,27823.47,24839.230833333335,8.502080507971277,15.239939518686917,29.08511626282577,0.0
2026-02-01,63877.0,26250.0,22723.0,23.766251380519666,-12.496061589884789,6.312828706477602,26.171593366979096,-7.023695675273611,5.5064308681672,55.24356083896973,-15.215850154844969,33.18680030478869,70.17,68.65,141.26,66.94,-12.951246743580203,-13.796068796068806,-17.79522024367385,-17.039274924471293,-20.63583815028901,-25.84791531648304,37.49270001946661,-6.875865251499769,-0.981354268891077,-16.314539317414678,-19.630207708008175,-21.999533908179902,1571858381.0,1169216458.0,402641923.0,16.161113462078845,-20.728841915512085,-9.666917024681442,2.9308163742425286,-21.265526947474555,-5.752184896101453,35414.49,10.450243655218117,28.190381112613693,46.14098072471124,53.620845367103364,32147.28,29687.035,25869.34,10.163254869463302,19.292782185893607,36.8975397130348,0.0
2026-03-01,91125.0,36713.0,34285.0,65.91711882305815,19.589753011890075,29.547490084019266,73.67425138369839,31.74363943015035,32.38019687736631,120.9369764144864,19.526565332589605,46.34823067400862,90.01,92.29,169.26,95.69,4.589821055077858,2.0984573502722315,8.17209470015625,-2.079575596816974,-4.718149907082381,1.1508110477860711,41.320864991233194,1.3472247170828178,18.41332027424094,5.490023150700041,2.112901504641984,9.460077785403787,2536953556.0,1863945507.0,673008049.0,55.83564769016822,29.54725944217649,53.88791001230202,33.1206797094942,38.16788129421391,46.49808808078897,31722.99,-10.423699451834533,9.52709607921669,22.859514169726893,53.28151952802245,33067.07666666667,30670.77666666667,26788.264166666664,-4.064727826459413,3.4306706503356654,18.421222825903527,-10.423699451834533
2026-04-01,87449.0,35939.0,31457.0,48.06806637317982,13.70746486015577,25.9455022035314,45.903702500811946,10.272774692399732,26.523499383911275,89.70570498130503,25.097431002942816,39.356753643733654,81.65,88.59,157.93,94.2,-5.585106382978722,-7.646193869471773,-1.6502047699349487,-4.5469238228639135,-8.623001547189268,0.4535661639641697,24.02230249725146,3.873980531439103,11.359469750387818,5.854590403416116,5.274921770227992,12.881965248651884,2153671224.0,1696534497.0,457136727.0,34.60357279105138,3.872870879377799,16.080725998837142,25.07630306631361,14.869469640588061,42.023591637145884,38926.63,22.707947769110028,21.40385949865502,37.87464116018822,92.37248474551309,35354.70333333334,32452.99,28345.897500000003,10.103115936201213,19.9477459549952,37.327209343080405,0.0
2026-05-01,89475.0,37242.0,32374.0,47.20883170727694,40.07389201120903,22.570172194139637,61.22077922077922,41.874285714285705,31.909467644246092,67.16063406826045,42.47238480834397,20.79400022387223,84.0,89.49,174.36,96.53,-3.802107191937698,19.709277469003837,3.1941031941031817,-3.3167675021607668,30.356882738528746,3.456647398843926,17.5090982612212,23.43196941809431,14.944953523633743,7.602273993980613,44.20376456528234,15.896266058350328,2475945706.0,1910107175.0,565838531.0,54.618593156531304,57.51709797321747,24.86562774444694,57.78802253801911,63.36642902438514,28.625697037077625,44732.94,14.916035629079637,26.312534784490758,61.92051973324144,109.5484674876917,38460.85333333334,35304.06666666667,30294.700833333332,16.30771582811128,26.707612531889602,47.65928947804707,0.0
2026-06-01,95262.0,40501.0,34153.0,59.426304955399736,4.539917695473261,25.019029370849633,79.86055599964472,10.317871053850137,45.33677826820253,81.9164802386279,-0.3850080210004325,19.066378468832788,85.13,88.5,178.21,99.42,-3.173339399454056,-5.421619820020007,-3.4369328493647933,-3.013698630136985,-4.106620435583497,-8.63101383440017,33.891810668670175,5.28772302965852,6.7061852583677695,12.861845839482356,3.8980039711568715,6.093266460356417,,,,,,,,,,46125.91,3.113969258448024,45.402151562636426,59.25475424325708,107.25138636647524,43261.82666666667,38164.45166666667,32283.858333333337,6.620347669092119,20.8609268197268,42.87607609891732,0.0
2026-07-01,,,,,,,,,,,,,,,,,,,,,,,,,,,,,,,,,,,,,,43119.75,-6.517291474574705,10.771854640383726,34.48130677166583,83.15690079056957,44659.53333333335,40007.11833333334,33915.29416666667,-3.447826742479798,7.780194616199743,27.139542968728982,-6.517291474574705
2026-08-01,,,,,,,,,,,,,,,,,,,,,,,,,,,,,,,,,,,,,,45811.01,6.241362716620569,2.4100137393160415,29.356684227275352,89.04312696270804,45018.89000000001,41739.871666666666,35713.45333333333,1.7595280558894144,9.7535957126206,28.2738176351097,-0.6826965581817279
